curation,Variable ID,Variable name,Variable synonyms,Context of use,Growth stage,Variable status,Variable Xref,Institution,Scientist,Date,Language,Crop,Trait ID,Trait name,Trait class,Trait description,Trait synonyms,Main trait abbreviation,Alternative trait abbreviations,Entity,Attribute,Trait status,Trait Xref,Method ID,Method name,Method class,Method description,Formula,Method reference,Scale ID,Scale name,Scale class,Decimal places,Lower limit,Upper limit,Scale Xref,Category 1,Category 2,Category 3,Category 4,Category 5,Category 6,Category 7,Category 8,Category 9,Category 10
,CO_371:0000002,CR,CR_50%budbreakChillUnits_hour,Physiology studies,,Recommended,,USDA-ARS-GIFVL,Blueberry consortium,2022-06-05 00:00:00,EN,Blueberry,CO_371:0000180,Bud chilling requirement,Physiological,Chill units for 50% budbreak,,,,Bud,chilling requirement,Recommended,,CO_371:0000500,Chill unit measurement,Computation,Shoots with flower buds were collected every 200 chill units and buds were rated after 3 weeks at 24°C. Budbreak rated on scale of 1-7. Mean chilling requirements were calculated and used to determine number of chill units required for 50% budbreak.,,"Rowland LJ, et al., Mol Breed. 2014;34(4):2033–48.",CO_371:0000566,hours,duration,,,,,,,,,,,,,,
,CO_371:0000003,COLDTL,COLDTL_50%BudInjuryTemp_celsius,Selection in breeding,,Recommended,,USDA-ARS-GIFVL,Blueberry consortium,2022-06-05 00:00:00,EN,Blueberry,CO_371:0000181,Bud cold damage,Abiotic stress,The temperature causing 50% bud injury (LT50),,,,Bud,cold damage,Recommended,,CO_371:0000425,Percent of dead buds due to winter damage,Computation,"Shoots from plants subjected to freeze-thaw protocol, distal buds assessed for damage and percent of damage calculated, measured as LT50 which is temperature that causes 50% injury overall.",,"Rowland LJ, Ogden EL, Bassil N, Buck EJ, McCallum S, Graham J, et al. Construction of a genetic linkage map of an interspecific diploid blueberry population and identification of QTL for chilling requirement and cold hardiness. Mol Breed. 2014;34(4):2033–48.",CO_371:0000579,temperature in celsius,numerical,,,,,,,,,,,,,,
,CO_371:0000004,FRDMG,FRDMG_FrostDamage_%,Selection in breeding,,Recommended,,USDA-ARS-TCHSL,Blueberry consortium,2022-06-05 00:00:00,EN,Blueberry,CO_371:0000182,Bud frost damage,Abiotic stress,Late frost damage assessed as percent of dead buds,,,,Bud,frost damage,Recommended,,CO_371:0000426,Percent of dead buds due to frost damage,Computation,Percent of dead buds from frost damage,,,CO_371:0000577,percent,numerical,,,,,,,,,,,,,,
,CO_371:0000005,GALL,GALL_SusToGallMidge_0/1,Selection in breeding,,Recommended,,USDA-ARS-HCRL,Blueberry consortium,2022-06-05 00:00:00,EN,Blueberry,CO_371:0000183,Bud gall midge,Biotic stress,Susceptibility to gall midge,,,,Bud,gall midge,Recommended,,CO_371:0000354,Visual observation of insect presence of Gall midge,Estimation,Visual observation of insect presence of Gall midge,,,CO_371:0000525,0/1,nominal,,,,,,,,,,,,,,
,CO_371:0000006,BDMT,BDMT_SusToBudMite_0/1,Selection in breeding,,Recommended,,USDA-ARS,Blueberry consortium,2022-06-05 00:00:00,EN,Blueberry,CO_371:0000184,Bud mite,Biotic stress,Susceptibility to bud mite,,,,Bud,mite,Recommended,,CO_371:0000355,Visual observation of insect presence of Bud mite,Estimation,Visual observation of insect presence of Bud mite,,,CO_371:0000525,0/1,nominal,,,,,,,,,,,,,,
,CO_371:0000007,BUDSZ,BUDSZ_BudSizeUniformity_1-5scale,Physiology studies,,Recommended,,Philip E. Marucci Center for Blueberry and Cranberry Research,Blueberry consortium,2022-06-05 00:00:00,EN,Blueberry,CO_371:0000185,Bud size,Phenological,Ratings of uniformity of flower bud size,,,,Bud,size,Recommended,,CO_371:0000368,Uniformity of bud size,Estimation,Visual survey of bud size on scale of 1 to 5.,,"Ehlenfeldt, M.K., Rowland, L.J., Ogden, E.L., Vinyard, B.T. 2007. Cold Hardiness of Vaccinium ashei, V. constablaei and Hybrid Flower Buds and the Potential for Producing Northern-Adapted Rabbiteye Cultivars. HortScience. 42:1131-1134.",CO_371:0000530,1-5 bud size scale,ordinal,,,,,1.0=uniformly sized buds,2.0=80% uniformly sized buds,3.0=50% uniformly sized buds,4.0=20% uniformly sized buds,5.0=substantial difference between smallest and largest buds,,,,,
,CO_371:0000008,WHBUD,WHBUD_WinterDamage_0-10scale,Selection in breeding,,Recommended,,USDA-ARS-HCRL,Blueberry consortium,2022-06-05 00:00:00,EN,Blueberry,CO_371:0000186,Bud winter hardiness,Abiotic stress,Measurement of damage from winter weather,,,,Bud,winter hardiness,Recommended,,CO_371:0000515,Amount of winter damage on scale,Estimation,"Visual survey of winter damage to buds on scale of 1-10. 1 = all buds dead, 10= no damage.",,"Hancock, J.F., Erb, W.A., Goulart, B.L. and Scheerens, J.C. (1997). BLUEBERRY HYBRIDS WITH COMPLEX GENETIC BACKGROUNDS EVALUATED ON MINERAL SOILS: COLD HARDINESS AS INFLUENCED BY PARENTAL SPECIES AND LOCATION. Acta Hortic. 446, 389-396 DOI: 10.17660",CO_371:0000519,0-10 scale winter damage,ordinal,,,,,1.0=all buds destroyed on bush,2.0=90% buds destroyed,3.0=80% buds destroyed,4.0=70% buds destroyed,5.0=60% buds destroyed,6.0=50% buds destroyed,7.0=40% buds destroyed,8.0=30% buds destroyed,9.0=20% buds destroyed,10.0=no damage
,CO_371:0000009,WINM,WINM_SusToWinterMoth_0/1,Selection in breeding,,Recommended,,USDA-ARS,Blueberry consortium,2022-06-05 00:00:00,EN,Blueberry,CO_371:0000187,Bud winter moth,Biotic stress,Susceptibility to winter moth,,,,Bud,winter moth,Recommended,,CO_371:0000340,Amount of bloom,Estimation,Visual survey of the amount of bloom on fruit.,,"Rowland, L.J., Ogden, E.L., and Vinyard, B.T. 2020. Phenotypic evaluation of a hybrid diploid blueberry population for plant development and fruit quality traits. Agronomy 10, 1067; doi:10.3390",CO_371:0000525,0/1,nominal,,,,,,,,,,,,,,
,CO_371:0000010,FLBL,FLBL_BloomDeathBLSHV/Pseudomonas_%,Selection in breeding,,Recommended,,USDA-ARS-HCRL,Blueberry consortium,2022-06-05 00:00:00,EN,Blueberry,CO_371:0000188,Flower blight death,Biotic stress,Death of blooms from BLSHV or Pseudomonas,,,,Flower,blight death,Recommended,,CO_371:0000424,Percent of flowers which have died due to disease,Estimation,Percent of dead flowers,,,CO_371:0000577,percent,numerical,,,,,,,,,,,,,,
,CO_371:0000001,FC,FC_Color_0-9scale,Physiology studies,,Recommended,,GRIN-Vaccinium,Blueberry consortium,2022-06-05 00:00:00,EN,Blueberry,CO_371:0000179,Flower color,Morphological,Color of flowers,,,,Flower,flower color,Recommended,,CO_371:0000432,Observed color of blooms,Estimation,Color of flowers recorded using available list,,,CO_371:0000523,0-9 color scale,nominal,,,,,,,,,,,,,,
,CO_371:0000011,PF,PF_PetalFall_date,Physiology studies,,Recommended,,USDA-ARS-GIFVL,Jeannie Rowland,2022-06-05 00:00:00,EN,Blueberry,CO_371:0000189,Flower petal fall,Phenological,Timing of petal fall,,,,Flower,petal fall,Recommended,,CO_371:0000481,Day of year (Julian day) when plant reached Petal Fall (PF) stage (>50%),Measurement,Day of year (Julian day) when plant reached Petal Fall (PF) stage (>50%).,,"Rowland, L.J., Ogden, E.L., and Vinyard, B.T. 2020. Phenotypic evaluation of a hybrid diploid blueberry population for plant development and fruit quality traits. Agronomy 10, 1067; doi:10.3390/agronomy10081067",CO_371:0000557,date,date,,,,,,,,,,,,,,
,CO_371:0000013,POLR,POLR_InVivoPollinationsFlowers_%,Physiology studies,,Recommended,,USDA-ARS-HCRL,Blueberry consortium,2022-06-05 00:00:00,EN,Blueberry,CO_371:0000191,Flower pollination rate,Fertility,Number of flowers that were successfully pollinated from in vivo pollinations,,,,Flower,pollination rate,Recommended,,CO_371:0000438,Number of successful flower pollinations from in vivo pollinations,Measurement,Number of pollinated flowers/total number in vivo pollinations,,,CO_371:0000577,percent,numerical,,,,,,,,,,,,,,
,CO_371:0000014,SELF,SELF_SelfFertility_%,Germplasm characterization,,Recommended,,USDA-ARS-HCRL,Blueberry consortium,2022-06-05 00:00:00,EN,Blueberry,CO_371:0000192,Flower self-fertility,Fertility,Self-fertility of cultivar,,,,Flower,self-fertility,Recommended,,CO_371:0000470,Effectiveness of self-pollination,Computation,"Cross with self-pollen or bulk-pollen at least 50 flowers/cross, record number of flowers pollinated, fruit harvested, fruit weight, seed count/fruit and compare self-pollinated with bulk-pollinated",,,CO_371:0000577,percent,numerical,,,,,,,,,,,,,,
,CO_371:0000015,FLTH,FLTH_SusToFlowerThrips_0/1,Selection in breeding,,Recommended,,USDA-ARS,Blueberry consortium,2022-06-05 00:00:00,EN,Blueberry,CO_371:0000193,Flower thrips,Biotic stress,Susceptibility to flower thrips,,,,Flower,thrips,Recommended,,CO_371:0000342,Visual observation of thrips,Estimation,Visual observation of insect presence of Flower thrips,,,CO_371:0000525,0/1,nominal,,,,,,,,,,,,,,
,CO_371:0000016,TAC,TAC_TotAnthocyanin_mg/100g,Physiology studies,,Recommended,,USDA-ARS,Blueberry consortium,2022-06-05 00:00:00,EN,Blueberry,CO_371:0000194,Fruit total anthocyanin content,Biochemical,Total anthocyanin in fruit,,,,Fruit,total anthocyanin content,Recommended,,CO_371:0000445,Measurement of total anthocyanin extracted from fruit,Measurement,Anthocyanin is extracted and measured using a spectophotometer.,,"Rodriguez-Saona and Wrolstad. 2001. Unit F1.1: Anthocyanins. Extraction, isolation, and purification of anthocyanins, p. 1-11. In R.E. Wrolstad(ed.). Current protocols in food analytical chemistry. John Wiley & Sons, New York.",CO_371:0000568,mg anthocyanin/100 g fruit,numerical,,,,,,,,,,,,,,
,CO_371:0000017,TAC2,TAC2_TotAnthocyanin _mg/100g,Physiology studies,,Recommended,,USDA-ARS-TCHSL,Blueberry consortium,2022-06-05 00:00:00,EN,Blueberry,CO_371:0000194,Fruit total anthocyanin content,Biochemical,Total anthocyanin in fruit,,,,Fruit,total anthocyanin content,Recommended,,CO_371:0000444,Measurement of total anthocyanin extracted from fruit using discrete analyser,Measurement,Anthocyanin is extracted from berry juice and measured using a Gallery discrete analyzer according to manufacturers instructions.,,,CO_371:0000570,mg/100 g of fresh weight,numerical,,,,,,,,,,,,,,
,CO_371:0000018,ALFR,ALFR_SusToAlternariaFR_0/1,Selection in breeding,,Recommended,,USDA-ARS,Blueberry consortium,2022-06-05 00:00:00,EN,Blueberry,CO_371:0000195,Fruit alternaria rot,Biotic stress,Susceptibility to alternaria fruit rot,,,,Fruit,alternaria rot,Recommended,,CO_371:0000358,Visual observation of disease presence of Alternaria fruit rot,Estimation,Visual observation of disease presence of Alternaria fruit rot,,,CO_371:0000525,0/1,nominal,,,,,,,,,,,,,,
,CO_371:0000020,ANFR,ANFR_SusToAnthracnoseFR_0/1,Selection in breeding,,Recommended,,USDA-ARS,Blueberry consortium,2022-06-05 00:00:00,EN,Blueberry,CO_371:0000196,Fruit anthracnose rot,Biotic stress,Susceptibility to anthracnose fruit rot,,,,Fruit,anthracnose rot,Recommended,,CO_371:0000464,Fruit rot presence or absence,Estimation,Visual observation of disease presence of Anthracnose fruit rot,,,CO_371:0000525,0/1,nominal,,,,,,,,,,,,,,
,CO_371:0000019,FRROT,FRROT_SusToAnthracnoseFR_%,Selection in breeding,,Recommended,,Philip E. Marucci Center for Blueberry and Cranberry Research,Blueberry consortium,2022-06-05 00:00:00,EN,Blueberry,CO_371:0000196,Fruit anthracnose rot,Biotic stress,Susceptibility to anthracnose fruit rot,,,,Fruit,anthracnose rot,Recommended,,CO_371:0000419,Percent of rotted fruit,Measurement,Green fruit on potted plants was inoculated and maintained plants until fruit ripened. Ripe fruit was incubated under humid conditions for approximately 1 week. Percentage rotted fruit was determined.,,,CO_371:0000577,percent,numerical,,,,,,,,,,,,,,
,CO_371:0000021,FRAP,FRAP_FruitAppearance_1-9scale,Selection in breeding,,Recommended,,USDA-ARS-HCRL,Blueberry consortium,2022-06-05 00:00:00,EN,Blueberry,CO_371:0000197,Fruit appearance,Quality,Attractiveness of fruit appearance,,,,Fruit,appearance,Recommended,,CO_371:0000400,Rating of fruit appearance,Estimation,Visual rating of fruit appearance,,,CO_371:0000535,1-9 scale fruit appearance,ordinal,,,,,"1.0=ugly, mishappen, odd size, lumpy fruit","2.0=90% ugly, mishappen, lumpy fruits","3.0=75% ugly, mishappen, lumpy fruits","4.0=60% ugly, mishappen, lumpy fruits","5.0=45% ugly, mishappen, lumpy fruits","6.0=30% ugly, mishappen, lumpy fruits","7.0=15% ugly, mishappen, lumpy fruits","8.0=5% ugly, mishappen, lumpy fruits","9.0=attractive, uniform size, perfect roundness, blossom end intact",
,CO_371:0000022,FRFRMMEAN,FRFRMMEAN_AgrostaFirmness_g/mm,Selection in breeding,,Recommended,,USDA-ARS-TCHSL,Ebrahiem Babiker,2022-06-05 00:00:00,EN,Blueberry,CO_371:0000198,"Fruit average fruit firmness, measured",Quality,Firmness of fruit with Agrosta penetrometer,,,,Fruit,"average fruit firmness, measured",Recommended,,CO_371:0000451,Measurement of fruit firmness with Agrosta penetrometer,Measurement,Average fruit firmness measured from 30 berries with fixed pressure to measure displacement on an Agrosta penetrometer (with turntable) provided as value of force in g/mm.,,,CO_371:0000563,g/mm,numerical,,,,,,,,,,,,,,
,CO_371:0000023,BLOOM,BLOOM_BloomAmount_1-9scale,Physiology studies,,Recommended,,USDA-ARS-GIFVL,Blueberry consortium,2022-06-05 00:00:00,EN,Blueberry,CO_371:0000199,Fruit bloom amount,Phenological,"Amount of bloom (waxy, silvery-white substance on the surface) on fruit",,,,Fruit,bloom amount,Recommended,,CO_371:0000340,Amount of bloom,Estimation,Visual survey of the amount of bloom on fruit.,,"Rowland, L.J., Ogden, E.L., and Vinyard, B.T. 2020. Phenotypic evaluation of a hybrid diploid blueberry population for plant development and fruit quality traits. Agronomy 10, 1067; doi:10.3390",CO_371:0000532,1-9 scale,ordinal,,,,,1.0=rubs off easily,2.0=90% rubs off,3.0=75% rubs off,4.0=60% rubs off,5.0=45% rubs off,6.0=30% rubs off,7.0=15% rubs off,8.0=5% rubs off,9.0=stays on,
,CO_371:0000024,BLODUR,BLODUR_BloomDurationOnFruit_1-9scale,Physiology studies,,Recommended,,USDA-ARS-HCRL,Blueberry consortium,2022-06-05 00:00:00,EN,Blueberry,CO_371:0000200,Fruit bloom durability,Agronomic,"The durability of bloom (waxy, silvery-white substance on the surface) on fruit",,,,Fruit,bloom durability,Recommended,,CO_371:0000471,Durability of bloom,Estimation,Visual survey of the durability of bloom on fruit after fruit is touched,,,CO_371:0000532,1-9 scale,ordinal,,,,,1.0=rubs off easily,2.0=90% rubs off,3.0=75% rubs off,4.0=60% rubs off,5.0=45% rubs off,6.0=30% rubs off,7.0=15% rubs off,8.0=5% rubs off,9.0=stays on,
,CO_371:0000025,BRF,BRF_75%Ripe_date,Physiology studies,,Recommended,,USDA-ARS-GIFVL,Blueberry consortium,2022-06-05 00:00:00,EN,Blueberry,CO_371:0000201,Fruit blue/ripe,Phenological,Timing of >75% blue/ripe fruit,,,,Fruit,blue/ripe,Recommended,,CO_371:0000486,Day of year (Julian day) when plant reached >75% blue/ripe fruit (75Blue) stage (>50%),Measurement,Day of year (Julian day) when plant reached >75% blue/ripe fruit (75Blue) stage (>50%).,,"Rowland, L.J., Ogden, E.L., and Vinyard, B.T. 2020. Phenotypic evaluation of a hybrid diploid blueberry population for plant development and fruit quality traits. Agronomy 10, 1067; doi:10.3390/agronomy10081067",CO_371:0000557,date,date,,,,,,,,,,,,,,
,CO_371:0000026,CAC,CAC_CaffeicAcid_mg/100g,Physiology studies,,Recommended,,North Carolina State University-PHHI,Blueberry consortium,2022-06-05 00:00:00,EN,Blueberry,CO_371:0000202,Fruit caffeic acid,Biochemical,Caffeic acid content,,,,Fruit,caffeic acid,Recommended,,CO_371:0000502,Caffeic acid content,Measurement,"Measured with HPLC, reported as mg/100 gram of fresh tissue weight",,,CO_371:0000569,mg/100 g,numerical,,,,,,,,,,,,,,
,CO_371:0000027,CALYX,CALYX_Calyx_1-9scale,Physiology studies,,Recommended,,USDA-ARS-HCRL,Blueberry consortium,2022-06-05 00:00:00,EN,Blueberry,CO_371:0000203,Fruit calyx on/off,Agronomic,Presence of calyx at time of harvest,,,,Fruit,calyx on/off,Recommended,,CO_371:0000403,Rating of calyx presence,Measurement,Visual rating of calyx on fruit at harvest (50% ripe),,,CO_371:0000533,1-9 scale calyx,ordinal,,,,,1.0=all calyx,2.0=80% having calyx,3.0=70% having calyx,4.0=60% having calyx,5.0=half having calyx (50%),6.0=40% having calyx,7.0=30% having calyx,8.0=20% having calyx,9.0=no calyx,
,CO_371:0000028,CC,CC_Catechin_mg/100g,Physiology studies,,Recommended,,North Carolina State University-PHHI,Blueberry consortium,2022-06-05 00:00:00,EN,Blueberry,CO_371:0000204,Fruit catechin,Biochemical,Catechin content,,,,Fruit,catechin,Recommended,,CO_371:0000501,Catechin content,Measurement,"Measured with HPLC, reported as mg/100 gram of fresh tissue weight",,,CO_371:0000569,mg/100 g,numerical,,,,,,,,,,,,,,
,CO_371:0000029,CFW,CFW_SusToChrryFW_0/1,Selection in breeding,,Recommended,,USDA-ARS,Blueberry consortium,2022-06-05 00:00:00,EN,Blueberry,CO_371:0000205,Fruit cherry worm,Biotic stress,Susceptibility to cherry fruit worm,,,,Fruit,cherry worm,Recommended,,CO_371:0000361,Visual observation of cherry worm,Estimation,Visual observation of insect presence of Cherry fruit worm,,,CO_371:0000525,0/1,nominal,,,,,,,,,,,,,,
,CO_371:0000030,CHAC,CHAC_ChlorogenicAcid_mg/100g,Physiology studies,,Recommended,,North Carolina State University-PHHI,Blueberry consortium,2022-06-05 00:00:00,EN,Blueberry,CO_371:0000206,Fruit chlorogenic acid,Biochemical,Chlorogenic acid content,,,,Fruit,chlorogenic acid,Recommended,,CO_371:0000499,Chlorogenic acid content,Measurement,"Measured with HPLC, reported as mg/100 gram of fresh tissue weight",,,CO_371:0000569,mg/100 g,numerical,,,,,,,,,,,,,,
,CO_371:0000031,CITAC,CITAC_CitricAcid_mg/L,Physiology studies,,Recommended,,USDA-ARS-TCHSL,Blueberry consortium,2022-06-05 00:00:00,EN,Blueberry,CO_371:0000207,Fruit citric acid content,Biochemical,Citric acid content,,,,Fruit,citric acid content,Recommended,,CO_371:0000498,Citric acid content,Measurement,Citric acid content in berry juice measured with a Gallery discrete analyzer according to manufacturers instructions.,,,CO_371:0000571,mg/L,numerical,,,,,,,,,,,,,,
,CO_371:0000032,CLUSTER2,CLUSTER2_ClusterTightness_1-3scale,Selection in breeding,,Recommended,,USDA-ARS-HCRL,Blueberry consortium,2022-06-05 00:00:00,EN,Blueberry,CO_371:0000208,Fruit cluster tightness,Agronomic,Fruit cluster tightness between individual fruits,,,,Fruit,cluster tightness,Recommended,,CO_371:0000402,"Rating of cluster tightness, scale of 1-3",Estimation,Visual rating of cluster tightness,,,CO_371:0000527,1-3 scale cluster tightness,ordinal,,,,,1.0=dense,2.0=medium-loose,3.0=loose,,,,,,,
,CO_371:0000033,CLUSTER,CLUSTER_ClusterTightnessIndiFruits_1-9scale,Selection in breeding,,Recommended,,USDA-ARS-TCHSL,Blueberry consortium,2022-06-05 00:00:00,EN,Blueberry,CO_371:0000208,Fruit cluster tightness,Agronomic,Fruit cluster tightness between individual fruits,,,,Fruit,cluster tightness,Recommended,,CO_371:0000401,"Rating of cluster tightness, scale of 1-9",Estimation,Visual rating of cluster tightness,,,CO_371:0000534,1-9 scale cluster tightness,ordinal,,,,,1.0=very tight,2.0=mostly tight,3.0=moderately tight,4.0=semi-loose,5.0=loose (type 5),6.0=loose (type 6),7.0=moderately loose,8.0=mostly loose,9.0=extremely loose,
,CO_371:0000034,FRCL,FRCL_FruitColor_1-9scale,Selection in breeding,,Recommended,,USDA-ARS-HCRL,Blueberry consortium,2022-06-05 00:00:00,EN,Blueberry,CO_371:0000209,Fruit color,Morphological,Color of fruit rated on a scale of 1-9,,,,Fruit,color,Recommended,,CO_371:0000497,Color of fruit,Estimation,Visual survey of fruit color,,,CO_371:0000536,1-9 scale fruit color,ordinal,,,,,1.0=black fruit,2.0=light black fruit,3.0=dark purple fruit,4.0=light purple fruit,5.0=dark red fruit,6.0=light red fruit,7.0=dark blue fruits,8.0=light blue fruits,9.0=aluminum blue fruits,
,CO_371:0000035,FRCL2,FRCL2_FruitColorRemoveWax_1-9scale,Selection in breeding,,Recommended,,USDA-ARS-HCRL,Blueberry consortium,2022-06-05 00:00:00,EN,Blueberry,CO_371:0000210,Fruit color - wax removed,Morphological,Fruit color after wax removal,,,,Fruit,color - wax removed,Recommended,,CO_371:0000496,Color of fruit when wax is rubbed off,Estimation,Visual survey of fruit color after wax is removed,,,CO_371:0000537,1-9 scale fruit color after removing wax,ordinal,,,,,1.0=black fruit,2.0=light black fruit,3.0=dark purple fruit,4.0=light purple fruit,5.0=dark red fruit,6.0=light red fruit,7.0=dark blue fruits,8.0=light blue fruits,9.0=aluminum blue fruits,
,CO_371:0000036,CRFW,CRFW_SusToCranberryFW_0/1,Selection in breeding,,Recommended,,USDA-ARS,Blueberry consortium,2022-06-05 00:00:00,EN,Blueberry,CO_371:0000211,Fruit cranberry worm,Biotic stress,Susceptibility to cranberry fruit worm,,,,Fruit,cranberry worm,Recommended,,CO_371:0000360,Visual observation of cranberry fruit worm,Estimation,Visual observation of insect presence of Cranberry fruit worm,,,CO_371:0000525,0/1,nominal,,,,,,,,,,,,,,
,CO_371:0000037,FRCR,FRCR_FruitCrispness_1-9scale,Selection in breeding,,Recommended,,USDA-ARS-HCRL,Blueberry consortium,2022-06-05 00:00:00,EN,Blueberry,CO_371:0000212,Fruit crispness,Quality,Texture of fruit,,,,Fruit,crispness,Recommended,,CO_371:0000399,Rating of fruit crispness/texture,Estimation,Characteristic of fruit when bite into,,,CO_371:0000538,1-9 scale fruit crispness,ordinal,,,,,1.0=mush,2.0=mostly mush,3.0=moderately mush,4.0=semi mush,5.0=semi firm,6.0=moderatly firm,7.0=mostly firm,"8.0=nice pop, optimal firmness",9.0=too firm,
,CO_371:0000038,CYAC,CYAC_CyanidinArabinoside_mg/100g,Physiology studies,,Recommended,,USDA-ARS-TCHSL,Blueberry consortium,2022-06-05 00:00:00,EN,Blueberry,CO_371:0000213,Fruit cyanidin arabinoside,Biochemical,Cyanidin arabinoside content,,,,Fruit,cyanidin arabinoside,Recommended,,CO_371:0000491,Cyanidin arabinoside content,Measurement,"Measured with HPLC, reported as mg/100 gram of fresh tissue weight",,,CO_371:0000569,mg/100 g,numerical,,,,,,,,,,,,,,
,CO_371:0000039,CYGAC,CYGAC_CyanidinGalactoside_mg/100g,Physiology studies,,Recommended,,USDA-ARS-TCHSL,Blueberry consortium,2022-06-05 00:00:00,EN,Blueberry,CO_371:0000214,Fruit cyanidin galactoside,Biochemical,Cyanidin galactoside content,,,,Fruit,cyanidin galactoside,Recommended,,CO_371:0000490,Cyanidin galactoside content,Measurement,"Measured with HPLC, reported as mg/100 gram of fresh tissue weight",,,CO_371:0000569,mg/100 g,numerical,,,,,,,,,,,,,,
,CO_371:0000040,CYGLC,CYGLC_CyanidinGlucoside_mg/100g,Physiology studies,,Recommended,,USDA-ARS-TCHSL,Blueberry consortium,2022-06-05 00:00:00,EN,Blueberry,CO_371:0000215,Fruit cyanidin glucoside,Biochemical,Cyanidin glucoside content,,,,Fruit,cyanidin glucoside,Recommended,,CO_371:0000489,Cyanidin glucoside content,Measurement,"Measured with HPLC, reported as mg/100 gram of fresh tissue weight",,,CO_371:0000569,mg/100 g,numerical,,,,,,,,,,,,,,
,CO_371:0000041,DGLUCC,DGLUCC_Glucose_g/L,Physiology studies,,Recommended,,USDA-ARS-TCHSL,Blueberry consortium,2022-06-05 00:00:00,EN,Blueberry,CO_371:0000216,Fruit D-glucose content,Biochemical,D-glucose content,,,,Fruit,D-glucose content,Recommended,,CO_371:0000488,D-glucose content,Measurement,D-glucose content in berry juice measured with a Gallery discrete analyzer according to manufacturers instructions.,,,CO_371:0000562,g/L,numerical,,,,,,,,,,,,,,
,CO_371:0000042,DAC,DAC_DelphinidinArabinoside_mg/100g,Physiology studies,,Recommended,,USDA-ARS-TCHSL,Blueberry consortium,2022-06-05 00:00:00,EN,Blueberry,CO_371:0000217,Fruit delphinidin arabinoside,Biochemical,Delphinidin arabinoside content,,,,Fruit,delphinidin arabinoside,Recommended,,CO_371:0000474,Delphinidin arabinoside content,Measurement,"Measured with HPLC, reported as mg/100 gram of fresh tissue weight",,,CO_371:0000569,mg/100 g,numerical,,,,,,,,,,,,,,
,CO_371:0000043,DGAC,DGAC_DelphinidinGalactoside_mg/100g,Physiology studies,,Recommended,,USDA-ARS-TCHSL,Blueberry consortium,2022-06-05 00:00:00,EN,Blueberry,CO_371:0000218,Fruit delphinidin galactoside,Biochemical,Delphinidin galactoside content,,,,Fruit,delphinidin galactoside,Recommended,,CO_371:0000473,Delphinidin galactoside content,Measurement,"Measured with HPLC, reported as mg/100 gram of fresh tissue weight",,,CO_371:0000569,mg/100 g,numerical,,,,,,,,,,,,,,
,CO_371:0000044,DGLC,DGLC_DelphinidinGlucoside_mg/100g,Physiology studies,,Recommended,,USDA-ARS-TCHSL,Blueberry consortium,2022-06-05 00:00:00,EN,Blueberry,CO_371:0000219,Fruit delphinidin glucoside,Biochemical,Delphinidin glucoside content,,,,Fruit,delphinidin glucoside,Recommended,,CO_371:0000472,Delphinidin glucoside content,Measurement,"Measured with HPLC, reported as mg/100 gram of fresh tissue weight",,,CO_371:0000569,mg/100 g,numerical,,,,,,,,,,,,,,
,CO_371:0000046,FRDIA2,FRDIA2_Ave30FruitDiameter_mm,Selection in breeding,,Recommended,,USDA-ARS-TCHSL,Ebrahiem Babiker,2022-06-05 00:00:00,EN,Blueberry,CO_371:0000220,Fruit diameter,Quality,Average diameter of fruit,,,,Fruit,diameter,Recommended,,CO_371:0000512,Average diameter of 30 fruits,Computation,Average diameter (mm) of fruit calculated from 30 fruit samples using the Agrosta penetrometer with turntable according to manufacturers instructions.,,,CO_371:0000573,mm,numerical,,,,,,,,,,,,,,
,CO_371:0000045,FRDIA,FRDIA_Ave20FruitDiameter_mm,Selection in breeding,,Recommended,,USDA-ARS-GIFVL,Jeannie Rowland,2022-06-05 00:00:00,EN,Blueberry,CO_371:0000220,Fruit diameter,Quality,Average diameter of fruit,,,,Fruit,diameter,Recommended,,CO_371:0000513,Average diameter of 20 fruits,Measurement,Average diameter (mm) of fruit calculated from 20 fruit sample,,"Rowland, L.J., Ogden, E.L., and Vinyard, B.T. (2020) Agronomy 10, 1067; doi:10.3390",CO_371:0000573,mm,numerical,,,,,,,,,,,,,,
,CO_371:0000047,EGF,EGF_EarlyGreenFruit_date,Physiology studies,,Recommended,,USDA-ARS-GIFVL,Blueberry consortium,2022-06-05 00:00:00,EN,Blueberry,CO_371:0000221,Fruit early green,Physiological,Timing of early green fruit,,,,Fruit,early green,Recommended,,CO_371:0000484,Day of year (Julian day) when plant reached Early Green fruit (EG) stage (>50%),Measurement,Day of year (Julian day) when plant reached Early Green fruit (EG) stage (>50%).,,"Rowland, L.J., Ogden, E.L., and Vinyard, B.T. 2020. Phenotypic evaluation of a hybrid diploid blueberry population for plant development and fruit quality traits. Agronomy 10, 1067; doi:10.3390/agronomy10081067",CO_371:0000557,date,date,,,,,,,,,,,,,,
,CO_371:0000048,FREASE,FREASE_FruitEaseOfRelease_1-9scale,Selection in breeding,,Recommended,,USDA-ARS-HCRL,Blueberry consortium,2022-06-05 00:00:00,EN,Blueberry,CO_371:0000222,Fruit ease of release,Agronomic,Ease of picking or removing fruit from plant,,,,Fruit,ease of release,Recommended,,CO_371:0000393,Rating of how easy fruit is removed from bush,Estimation,Ease of fruit release measured at 50% ripe,,,CO_371:0000540,1-9 scale fruit ease of release,ordinal,,,,,1.0=difficult to remove,2.0=90% difficult to remove,3.0=75% difficult to remove,4.0=60% difficult to remove,5.0=45% difficult to remove,6.0=30% difficult to remove,7.0=15% difficult to remove,8.0=5% difficult to remove,9.0=very easy to remove,
,CO_371:0000049,ECC,ECC_Epi-catechin_mg/100g,Physiology studies,,Recommended,,North Carolina State University-PHHI,Blueberry consortium,2022-06-05 00:00:00,EN,Blueberry,CO_371:0000223,Fruit epi-catechin,Biochemical,Epi-catechin content,,,,Fruit,epi-catechin,Recommended,,CO_371:0000469,Epi-catechin content,Measurement,"Measured with HPLC, reported as mg/100 gram of fresh tissue weight",,,CO_371:0000569,mg/100 g,numerical,,,,,,,,,,,,,,
,CO_371:0000050,FAC,FAC_FerulicAcid_mg/100g,Physiology studies,,Recommended,,North Carolina State University-PHHI,Blueberry consortium,2022-06-05 00:00:00,EN,Blueberry,CO_371:0000224,Fruit ferulic acid,Biochemical,Ferulic acid content,,,,Fruit,ferulic acid,Recommended,,CO_371:0000468,Ferulic acid content,Measurement,"Measured with HPLC, reported as mg/100 gram of fresh tissue weight",,,CO_371:0000569,mg/100 g,numerical,,,,,,,,,,,,,,
,CO_371:0000051,FRFRMB,FRFRMB_FruitFirmnessRetention_0/1,Selection in breeding,,Recommended,,USDA-ARS-HCRL,Blueberry consortium,2022-06-05 00:00:00,EN,Blueberry,CO_371:0000225,Fruit firmness retention-bush,Quality,Retention of fruit firmness while on bush,,,,Fruit,firmness retention-bush,Recommended,,CO_371:0000434,Observation of fruit firmness when left on bush,Estimation,Observation of fruit firmness when left on bush,,,CO_371:0000525,0/1,nominal,,,,,,,,,,,,,,
,CO_371:0000052,FRFRM2,FRFRM2_FruitFirmnessMeasurement_N,Selection in breeding,,Recommended,,USDA-ARS-GIFVL,Jeannie Rowland,2022-06-05 00:00:00,EN,Blueberry,CO_371:0000226,"Fruit firmness, measured",Quality,Firmness of fruit measurement,,,,Fruit,"firmness, measured",Recommended,,CO_371:0000452,Measurement of fruit firmness via machine (penetrometer),Measurement,"Measurement of fruit firmness (measurement of the force (N) to equatorially compress the berry by 20%) from 20 berries with a texture analyzer (TA.XT, Stable Micro Systems, Surrey, UK)",,"Rowland, L.J., Ogden, E.L., and Vinyard, B.T. (2020) Agronomy 10, 1067; doi:10.3390",CO_371:0000575,N,numerical,,,,,,,,,,,,,,
,CO_371:0000053,FRFRM,FRFRM_FruitFirmnessEst_1-9scale,Selection in breeding,,Recommended,,USDA-ARS-GIFVL,Jeannie Rowland,2022-06-05 00:00:00,EN,Blueberry,CO_371:0000227,"Fruit firmness, scale",Quality,Firmness of fruit estimation,,,,Fruit,"firmness, scale",Recommended,,CO_371:0000397,Rating of fruit firmness,Estimation,Rating of fruit firmness on a scale of 1 to 9,,"Rowland, L.J., Ogden, E.L., and Vinyard, B.T. (2020) Agronomy 10, 1067; doi:10.3390",CO_371:0000541,1-9 scale fruit firmness,ordinal,,,,,1.0=very soft,2.0=mostly soft,3.0=moderately soft,4.0=semi soft,5.0=semi firm,6.0=moderatly firm,7.0=mostly firm,"8.0=nice pop, optimal firmness",9.0=very firm,
,CO_371:0000054,FLAVONC,FLAVONC_Flavanol_mg/100g,Physiology studies,,Recommended,,USDA-ARS-TCHSL,Blueberry consortium,2022-06-05 00:00:00,EN,Blueberry,CO_371:0000228,Fruit flavanol content,Biochemical,Flavanol content,,,,Fruit,flavanol content,Recommended,,CO_371:0000467,Flavanol content,Measurement,Flavanol content in berry juice measured with a Gallery discrete analyzer according to manufacturers instructions.,,,CO_371:0000570,mg/100 g of fresh weight,numerical,,,,,,,,,,,,,,
,CO_371:0000055,FLAVANC,FLAVANC_Flavonol_mg/100g,Physiology studies,,Recommended,,USDA-ARS-TCHSL,Blueberry consortium,2022-06-05 00:00:00,EN,Blueberry,CO_371:0000229,Fruit flavonol content,Biochemical,Flavonol content,,,,Fruit,flavonol content,Recommended,,CO_371:0000466,Flavonol content,Measurement,Flavonol content in berry juice measured with a Gallery discrete analyzer according to manufacturers instructions.,,,CO_371:0000570,mg/100 g of fresh weight,numerical,,,,,,,,,,,,,,
,CO_371:0000056,FRF,FRF_FruitFlavor_0-9scale,Selection in breeding,,Recommended,,USDA-ARS-GIFVL,Jeannie Rowland,2022-06-05 00:00:00,EN,Blueberry,CO_371:0000230,Fruit flavor,Quality,Rating of the fruit flavor,,,,Fruit,flavor,Recommended,,CO_371:0000396,Rating of fruit flavor on scale of 0-9,Estimation,Tasting of fruit and application of a scale of 0-9,,"Rowland, L.J., Ogden, E.L., and Vinyard, B.T. 2020. Phenotypic evaluation of a hybrid diploid blueberry population for plant development and fruit quality traits. Agronomy 10, 1067; doi:10.3390/agronomy10081067",CO_371:0000524,0-9 scale fruit flavor,ordinal,,,,,,,,,,,,,,
,CO_371:0000057,FRFB,FRFB_FruitFlavor_0/1,Selection in breeding,,Recommended,,USDA-ARS-HCRL,Blueberry consortium,2022-06-05 00:00:00,EN,Blueberry,CO_371:0000231,Fruit flavor-bush,Quality,Retention of fruit flavor while on bush,,,,Fruit,flavor-bush,Recommended,,CO_371:0000433,Observation of fruit flavor when left on bush,Estimation,Observation of fruit flavor when left on bush,,,CO_371:0000525,0/1,nominal,,,,,,,,,,,,,,
,CO_371:0000058,FRF2,FRF2_FruitFlavor_1-9scale,Selection in breeding,,Recommended,,USDA-ARS-HCRL,Blueberry consortium,2022-06-05 00:00:00,EN,Blueberry,CO_371:0000232,"Fruit flavor, 1-9 scale",Quality,Rating of the fruit flavor,,,,Fruit,"flavor, 1-9 scale",Recommended,,CO_371:0000395,Rating of fruit flavor on scale of 1-9,Estimation,Tasting of fruit and application of a scale of 1-9,,,CO_371:0000542,1-9 scale fruit flavor,ordinal,,,,,1.0=awful,2.0=very tart but sweetness,3.0=still too tart,4.0=slight too tart but acceptable,5.0=balanced tartness and sweetness,6.0=slightly tart but good sweetness,7.0=slightly tart but sweetness overpowering,8.0=sweetness overpowering,9.0=excellent,
,CO_371:0000059,FRUCC,FRUCC_Fructose_mg/100g,Physiology studies,,Recommended,,USDA-ARS-TCHSL,Blueberry consortium,2022-06-05 00:00:00,EN,Blueberry,CO_371:0000233,Fruit fructose content,Biochemical,Fructose content,,,,Fruit,fructose content,Recommended,,CO_371:0000465,Fructose content,Measurement,Fructose content in berry juice measured with a Gallery discrete analyzer according to manufacturers instructions.,,,CO_371:0000569,mg/100 g,numerical,,,,,,,,,,,,,,
,CO_371:0000060,GLUCC,GLUCC_Glucose_g/L,Physiology studies,,Recommended,,USDA-ARS,Blueberry consortium,2022-06-05 00:00:00,EN,Blueberry,CO_371:0000234,Fruit glucose content,Biochemical,Glucose content,,,,Fruit,glucose content,Recommended,,CO_371:0000463,Glucose content,Measurement,Glucose content in berry juice measured with a Gallery discrete analyzer according to manufacturers instructions.,,,CO_371:0000562,g/L,numerical,,,,,,,,,,,,,,
,CO_371:0000061,GFRD,GFRD_LossGreenFruit_0/1,Selection in breeding,,Recommended,,USDA-ARS-HCRL,Blueberry consortium,2022-06-05 00:00:00,EN,Blueberry,CO_371:0000235,Fruit green fruit drop,Agronomic,Loss of green fruit at beginning of season before ripening,,,,Fruit,green fruit drop,Recommended,,CO_371:0000353,Visual observation of loss of green fruit early in season,Estimation,Visual observation of loss of green fruit early in season,,,CO_371:0000525,0/1,nominal,,,,,,,,,,,,,,
,CO_371:0000109,TA,TA_JuiceTitratableAcidity_g/100 mL,Physiology studies,,Recommended,,Philip E. Marucci Center for Blueberry and Cranberry Research,Blueberry consortium,2022-06-05 00:00:00,EN,Blueberry,CO_371:0000236,Fruit Juice titratable acidity,Biochemical,Titratable acidity of juice,,,,Fruit,Juice titratable acidity,Recommended,,CO_371:0000453,Measurement of fruit acidity via titration with NaOH,Measurement,Fruit juice acidity determined via titration with 0.1 N NaOH titrated to endpoint of pH 8.2,,,CO_371:0000561,g/100 mL,numerical,,,,,,,,,,,,,,
,CO_371:0000111,TA3,TA3_FruitTitratableAcidity_g/100 mL,Selection in breeding,,Recommended,,USDA-ARS-TCHSL,Blueberry consortium,2022-06-05 00:00:00,EN,Blueberry,CO_371:0000236,Fruit Juice titratable acidity,Biochemical,Titratable acidity of juice,,,,Fruit,Juice titratable acidity,Recommended,,CO_371:0000454,Measurement of fruit acidity via titration of 200 g fruit,Measurement,Fruit acidity determined via titration with a 200 g homogenated berry sample,,,CO_371:0000561,g/100 mL,numerical,,,,,,,,,,,,,,
,CO_371:0000110,TA2,TA2_FruitTitratableAcidity2_g/100 mL,Selection in breeding,,Recommended,,USDA-ARS-HCRL,Blueberry consortium,2022-06-05 00:00:00,EN,Blueberry,CO_371:0000236,Fruit Juice titratable acidity,Biochemical,Titratable acidity of juice,,,,Fruit,Juice titratable acidity,Recommended,,CO_371:0000455,Measurement of fruit acidity via titration by OSU,Measurement,Fruit acidity determined via titration by the OSU Food Science Dept,,,CO_371:0000561,g/100 mL,numerical,,,,,,,,,,,,,,
,CO_371:0000062,TADA,TADA_JuiceTitratableAcidity_mg/mL,Physiology studies,,Recommended,,USDA-ARS-TCHSL,Blueberry consortium,2022-06-05 00:00:00,EN,Blueberry,CO_371:0000236,Fruit Juice titratable acidity,Biochemical,Titratable acidity of juice,,,,Fruit,Juice titratable acidity,Recommended,,CO_371:0000446,Measurement of titratable acidity in fruit,Measurement,Titratable acidity in fruit measured with a Gallery discrete analyzer according to manufacturers instructions.,,,CO_371:0000572,mg/mL,numerical,,,,,,,,,,,,,,
,CO_371:0000063,KGC,KGC_Kaempferol-7-O-Glucoside_mg/100g,Physiology studies,,Recommended,,North Carolina State University-PHHI,Blueberry consortium,2022-06-05 00:00:00,EN,Blueberry,CO_371:0000237,Fruit kaempferol glucoside,Biochemical,Kaempferol-7-O-glucoside content,,,,Fruit,kaempferol glucoside,Recommended,,CO_371:0000462,Kaempferol glucoside content,Measurement,"Measured with HPLC, reported as mg/100 gram of fresh tissue weight",,,CO_371:0000569,mg/100 g,numerical,,,,,,,,,,,,,,
,CO_371:0000064,LGF,LGF_LateGreenFruit_date,Physiology studies,,Recommended,,USDA-ARS-GIFVL,Blueberry consortium,2022-06-05 00:00:00,EN,Blueberry,CO_371:0000238,Fruit late green,Phenological,Timing of late green fruit,,,,Fruit,late green,Recommended,,CO_371:0000482,Day of year (Julian day) when plant reached Late Green fruit (LG) stage (>50%),Measurement,Day of year (Julian day) when plant reached Late Green fruit (LG) stage (>50%).,,"Rowland, L.J., Ogden, E.L., and Vinyard, B.T. 2020. Phenotypic evaluation of a hybrid diploid blueberry population for plant development and fruit quality traits. Agronomy 10, 1067; doi:10.3390/agronomy10081067",CO_371:0000557,date,date,,,,,,,,,,,,,,
,CO_371:0000065,BLMAG,BLMAG_SusToMaggot_0/1,Selection in breeding,,Recommended,,USDA-ARS,Blueberry consortium,2022-06-05 00:00:00,EN,Blueberry,CO_371:0000239,Fruit maggot,Biotic stress,Susceptibility to blueberry maggot,,,,Fruit,maggot,Recommended,,CO_371:0000356,Visual observation of insect presence,Estimation,Visual observation of insect presence of blueberry maggot,,,CO_371:0000525,0/1,nominal,,,,,,,,,,,,,,
,CO_371:0000066,MALAC,MALAC_MalicAcid_mg/L,Physiology studies,,Recommended,,USDA-ARS-TCHSL,Blueberry consortium,2022-06-05 00:00:00,EN,Blueberry,CO_371:0000240,Fruit malic acid content,Biochemical,Malic acid content,,,,Fruit,malic acid content,Recommended,,CO_371:0000460,Malic acid content,Measurement,Malic acid content in berry juice measured with a Gallery discrete analyzer according to manufacturers instructions.,,,CO_371:0000571,mg/L,numerical,,,,,,,,,,,,,,
,CO_371:0000067,MAC,MAC_MalvidinArabinoside _mg/100g,Physiology studies,,Recommended,,USDA-ARS-TCHSL,Blueberry consortium,2022-06-05 00:00:00,EN,Blueberry,CO_371:0000241,Fruit malvidin arabinoside content,Biochemical,Malvidin arabinoside content,,,,Fruit,malvidin arabinoside content,Recommended,,CO_371:0000459,Malvidin arabinoside content,Measurement,"Measured with HPLC, reported as mg/100 gram of fresh tissue weight",,,CO_371:0000569,mg/100 g,numerical,,,,,,,,,,,,,,
,CO_371:0000068,MGAC,MGAC_MalvidinGalactoside _mg/100g,Physiology studies,,Recommended,,USDA-ARS-TCHSL,Blueberry consortium,2022-06-05 00:00:00,EN,Blueberry,CO_371:0000242,Fruit malvidin galactoside content,Biochemical,Malvidin galactoside content,,,,Fruit,malvidin galactoside content,Recommended,,CO_371:0000458,Malvidin galactoside content,Measurement,"Measured with HPLC, reported as mg/100 gram of fresh tissue weight",,,CO_371:0000569,mg/100 g,numerical,,,,,,,,,,,,,,
,CO_371:0000069,MGLC,MGLC_MalvidinGlucoside _mg/100g,Physiology studies,,Recommended,,USDA-ARS-TCHSL,Blueberry consortium,2022-06-05 00:00:00,EN,Blueberry,CO_371:0000243,Fruit malvidin glucoside content,Biochemical,Malvidin glucoside content,,,,Fruit,malvidin glucoside content,Recommended,,CO_371:0000457,Malvidin glucoside content,Measurement,"Measured with HPLC, reported as mg/100 gram of fresh tissue weight",,,CO_371:0000569,mg/100 g,numerical,,,,,,,,,,,,,,
,CO_371:0000070,MBFR,MBFR_FruitsWithMummyBerryRot_%,Selection in breeding,,Recommended,,Philip E. Marucci Center for Blueberry and Cranberry Research,Blueberry consortium,2022-06-05 00:00:00,EN,Blueberry,CO_371:0000244,Fruit mummy berry rot susceptibility,Biotic stress,Percent of fruit with mummy berry rot,,,,Fruit,mummy berry rot susceptibility,Recommended,,CO_371:0000421,Percent of fruit with rot,Measurement,Number of rotted and non-rotted fruit were counted and used to calculate percent with blight,,,CO_371:0000577,percent,numerical,,,,,,,,,,,,,,
,CO_371:0000071,MGC,MGC_Myricetin3-glucoside _mg/100g,Physiology studies,,Recommended,,North Carolina State University-PHHI,Blueberry consortium,2022-06-05 00:00:00,EN,Blueberry,CO_371:0000245,Fruit myricetin glucoside,Biochemical,Myricetin 3-glucoside content,,,,Fruit,myricetin glucoside,Recommended,,CO_371:0000441,Myricetin glucoside content,Measurement,"Measured with HPLC, reported as mg/100 gram of fresh tissue weight",,,CO_371:0000569,mg/100 g,numerical,,,,,,,,,,,,,,
,CO_371:0000072,FRSZ2,FRSZ2_BerriesPerCup_count,Selection in breeding,,Recommended,,GRIN-Vaccinium,Blueberry consortium,2022-06-05 00:00:00,EN,Blueberry,CO_371:0000246,Fruit number per cup,Agronomic,Number of berries per cup,,,,Fruit,number per cup,Recommended,,CO_371:0000492,Count of numer of berries per cup,Measurement,Count of number of berries per cup,,"VACCINIUM.MADISON.88, Cranberry Cultivar Evaluation, 1988 Experiment Type: Field FIELD Study Year: 1988 Exp.",CO_371:0000556,count,count,,,,,,,,,,,,,,
,CO_371:0000073,PENTMEAN,PENTMEAN_AgrostaPenetration_ms,Selection in breeding,,Recommended,,USDA-ARS-TCHSL,Ebrahiem Babiker,2022-06-05 00:00:00,EN,Blueberry,CO_371:0000247,Fruit penetration time,Physiological,Time elapsed for pentration,,,,Fruit,penetration time,Recommended,,CO_371:0000511,Average time needed to penetrate fruits,Computation,Average time needed under fixed pressure to pentrate (displacement probe) 30 berries on an Agrosta penetrometer (with turntable) provided as duration in milliseconds,,,CO_371:0000574,ms,numerical,,,,,,,,,,,,,,
,CO_371:0000074,PAC,PAC_PeonidinArabinoside _mg/100g,Physiology studies,,Recommended,,USDA-ARS-TCHSL,Blueberry consortium,2022-06-05 00:00:00,EN,Blueberry,CO_371:0000248,Fruit peonidin arabinoside,Biochemical,Peonidin arabinoside content,,,,Fruit,peonidin arabinoside,Recommended,,CO_371:0000430,Peonidin arabinoside content,Measurement,"Measured with HPLC, reported as mg/100 gram of fresh tissue weight",,,CO_371:0000569,mg/100 g,numerical,,,,,,,,,,,,,,
,CO_371:0000075,PGAC,PGAC_PeonidinGalactoside _mg/100g,Physiology studies,,Recommended,,USDA-ARS-TCHSL,Blueberry consortium,2022-06-05 00:00:00,EN,Blueberry,CO_371:0000249,Fruit peonidin galactoside,Biochemical,Peonidin galactoside content,,,,Fruit,peonidin galactoside,Recommended,,CO_371:0000429,Peonidin galactoside content,Measurement,"Measured with HPLC, reported as mg/100 gram of fresh tissue weight",,,CO_371:0000569,mg/100 g,numerical,,,,,,,,,,,,,,
,CO_371:0000076,PGLC,PGLC_PeonidinGlucoside _mg/100g,Physiology studies,,Recommended,,USDA-ARS-TCHSL,Blueberry consortium,2022-06-05 00:00:00,EN,Blueberry,CO_371:0000250,Fruit peonidin glucoside,Biochemical,Peonidin glucoside content,,,,Fruit,peonidin glucoside,Recommended,,CO_371:0000428,Peonidin glucoside content,Measurement,"Measured with HPLC, reported as mg/100 gram of fresh tissue weight",,,CO_371:0000569,mg/100 g,numerical,,,,,,,,,,,,,,
,CO_371:0000077,PEAC,PEAC_PetunidinArabinoside _mg/100g,Physiology studies,,Recommended,,USDA-ARS-TCHSL,Blueberry consortium,2022-06-05 00:00:00,EN,Blueberry,CO_371:0000251,Fruit petunidin arabinoside content,Biochemical,Petunidin arabinoside content,,,,Fruit,petunidin arabinoside content,Recommended,,CO_371:0000416,Petunidin arabinoside content,Measurement,"Measured with HPLC, reported as mg/100 gram of fresh tissue weight",,,CO_371:0000569,mg/100 g,numerical,,,,,,,,,,,,,,
,CO_371:0000078,PEGAC,PEGAC_PetunidinGalactoside _mg/100g,Physiology studies,,Recommended,,USDA-ARS-TCHSL,Blueberry consortium,2022-06-05 00:00:00,EN,Blueberry,CO_371:0000252,Fruit petunidin galactoside content,Biochemical,Petunidin galactoside content,,,,Fruit,petunidin galactoside content,Recommended,,CO_371:0000415,Petunidin galactoside content,Measurement,"Measured with HPLC, reported as mg/100 gram of fresh tissue weight",,,CO_371:0000569,mg/100 g,numerical,,,,,,,,,,,,,,
,CO_371:0000079,PEGLC,PEGLC_PetunidinGlucoside _mg/100g,Physiology studies,,Recommended,,USDA-ARS-TCHSL,Blueberry consortium,2022-06-05 00:00:00,EN,Blueberry,CO_371:0000253,Fruit petunidin glucoside content,Biochemical,Petunidin glucoside content,,,,Fruit,petunidin glucoside content,Recommended,,CO_371:0000414,Petunidin glucoside content,Measurement,"Measured with HPLC, reported as mg/100 gram of fresh tissue weight",,,CO_371:0000569,mg/100 g,numerical,,,,,,,,,,,,,,
,CO_371:0000080,FRPH,FRPH_FruitJuice_pH,Physiology studies,,Recommended,,USDA-ARS-TCHSL,Blueberry consortium,2022-06-05 00:00:00,EN,Blueberry,CO_371:0000254,Fruit pH,Biochemical,pH of juice from fruit,,,,Fruit,pH,Recommended,,CO_371:0000413,pH of fruit juice,Measurement,Measurement of pH in 5 g berry juice diluted with 45 mL water dectected with pH meter.,,,CO_371:0000578,pH,numerical,,,,,,,,,,,,,,
,CO_371:0000081,PHENAC,PHENAC_PhenolicAcid _mg/100g,Physiology studies,,Recommended,,USDA-ARS-TCHSL,Blueberry consortium,2022-06-05 00:00:00,EN,Blueberry,CO_371:0000255,Fruit phenolic acid,Biochemical,Phenolic acid content,,,,Fruit,phenolic acid,Recommended,,CO_371:0000412,Phenolic acid content,Measurement,Phenolic acid content in berry juice measured with a Gallery discrete analyzer according to manufacturers instructions.,,,CO_371:0000569,mg/100 g,numerical,,,,,,,,,,,,,,
,CO_371:0000082,FRSC,FRSC_FruitPickScar_1-9scale,Selection in breeding,,Recommended,,USDA-ARS-HCRL,Blueberry consortium,2022-06-05 00:00:00,EN,Blueberry,CO_371:0000256,Fruit picking scar,Agronomic,Size rating of picking scar on fruit,,,,Fruit,picking scar,Recommended,,CO_371:0000391,Rating of picking scar,Estimation,Visual rating of picking scar on fruit,,"Finn, C.E. & Luby, J.J. (1992) J of Am Soc of Hort Sci, 117, (4) 617-621",CO_371:0000543,1-9 scale fruit picking scar,ordinal,,,,,"1.0=large, deep, torn skin, wet","2.0=90% large, deep, torn skin, wet","3.0=75% large, deep, torn skin, wet","4.0=60% large, deep, torn skin, wet","5.0=45% large, deep, torn skin, wet","6.0=30% large, deep, torn skin, wet","7.0=15% large, deep, torn skin, wet","8.0=5% large, deep, torn skin, wet","9.0=small, dry",
,CO_371:0000083,PC,PC_SusToPlumCurculio_0/1,Selection in breeding,,Recommended,,USDA-ARS,Blueberry consortium,2022-06-05 00:00:00,EN,Blueberry,CO_371:0000257,Fruit plum curculio,Biotic stress,Susceptibility to plum curculio,,,,Fruit,plum curculio,Recommended,,CO_371:0000348,Visual observation of plum curculio,Estimation,Visual observation of insect presence of Plum curculio,,,CO_371:0000525,0/1,nominal,,,,,,,,,,,,,,
,CO_371:0000084,PB1C,PB1C_Procyanidin-B1 _mg/100g,Physiology studies,,Recommended,,North Carolina State University-PHHI,Blueberry consortium,2022-06-05 00:00:00,EN,Blueberry,CO_371:0000258,Fruit procyanidin-B1 content,Biochemical,Procyanidin-B1 content,,,,Fruit,procyanidin-B1 content,Recommended,,CO_371:0000410,Procyanidin-B1 content,Measurement,"Measured with HPLC, reported as mg/100 gram of fresh tissue weight",,,CO_371:0000569,mg/100 g,numerical,,,,,,,,,,,,,,
,CO_371:0000085,PB2C,PB2C_Procyanidin-B2 _mg/100g,Physiology studies,,Recommended,,North Carolina State University-PHHI,Blueberry consortium,2022-06-05 00:00:00,EN,Blueberry,CO_371:0000259,Fruit procyanidin-B2 content,Biochemical,Procyanidin-B2 content,,,,Fruit,procyanidin-B2 content,Recommended,,CO_371:0000409,Procyanidin-B2 content,Measurement,"Measured with HPLC, reported as mg/100 gram of fresh tissue weight",,,CO_371:0000569,mg/100 g,numerical,,,,,,,,,,,,,,
,CO_371:0000086,QAC,QAC_QuercetinArabinosidePentoside _mg/100g,Physiology studies,,Recommended,,North Carolina State University-PHHI,Blueberry consortium,2022-06-05 00:00:00,EN,Blueberry,CO_371:0000260,Fruit quercetin arabinoside content,Biochemical,Quercetin-arabinoside and/or pentoside content,,,,Fruit,quercetin arabinoside content,Recommended,,CO_371:0000408,Quercetin arabinoside content,Measurement,"Measured with HPLC, reported as mg/100 gram of fresh tissue weight",,,CO_371:0000569,mg/100 g,numerical,,,,,,,,,,,,,,
,CO_371:0000087,QGC,QGC_Quercetin3-D-galactosideAndOrGlucoside _mg/100g,Physiology studies,,Recommended,,North Carolina State University-PHHI,Blueberry consortium,2022-06-05 00:00:00,EN,Blueberry,CO_371:0000261,Fruit quercetin galactoside content,Biochemical,Quercetin 3-D-galactoside and/or glucoside content,,,,Fruit,quercetin galactoside content,Recommended,,CO_371:0000407,Quercetin galactoside content,Measurement,"Measured with HPLC, reported as mg/100 gram of fresh tissue weight",,,CO_371:0000569,mg/100 g,numerical,,,,,,,,,,,,,,
,CO_371:0000088,QRC,QRC_Quercetin-3-Rutinoside _mg/100g,Physiology studies,,Recommended,,North Carolina State University-PHHI,Blueberry consortium,2022-06-05 00:00:00,EN,Blueberry,CO_371:0000262,Fruit quercetin rutinoside content,Biochemical,Quercetin-3-Rutinoside content,,,,Fruit,quercetin rutinoside content,Recommended,,CO_371:0000406,Quercetin rutinoside content,Measurement,"Measured with HPLC, reported as mg/100 gram of fresh tissue weight",,,CO_371:0000569,mg/100 g,numerical,,,,,,,,,,,,,,
,CO_371:0000089,PFRROT,PFRROT_FruitRot_%,Selection in breeding,,Recommended,,GRIN-Vaccinium,Blueberry consortium,2022-06-05 00:00:00,EN,Blueberry,CO_371:0000263,Fruit rot,Biotic stress,Percent of fruit rot,,,,Fruit,rot,Recommended,,CO_371:0000423,Percent of fruit rot,Measurement,Percent of fruit rot on the plant measured,,"VACCINIUM.MADISON.88, Cranberry Cultivar Evaluation, 1988 Experiment Type: Field FIELD Study Year: 1988 Exp.",CO_371:0000577,percent,numerical,,,,,,,,,,,,,,
,CO_371:0000090,SDN,SDN_AveSeedCountPerFruit_count,Selection in breeding,,Recommended,,USDA-ARS-HCRL,Blueberry consortium,2022-06-05 00:00:00,EN,Blueberry,CO_371:0000264,Fruit seed count,Agronomic,Average seed count per fruit,,,,Fruit,seed count,Recommended,,CO_371:0000439,Number of seeds per fruit,Measurement,Average number of seeds per fruit,,,CO_371:0000556,count,count,,,,,,,,,,,,,,
,CO_371:0000091,FRSZ,FRSZ_FruitSizescale_1-9scale,Selection in breeding,,Recommended,,USDA-ARS-HCRL,Blueberry consortium,2022-06-05 00:00:00,EN,Blueberry,CO_371:0000265,Fruit size,Agronomic,Fruit size rated on a scale,,,,Fruit,size,Recommended,,CO_371:0000394,Rating of fruit size,Estimation,Visual rating of overall fruit size,,,CO_371:0000544,1-9 scale fruit size,ordinal,,,,,"1.0=worst, heterogenous sizes",2.0=90% heterogeneous sizes,3.0=75% heterogeneous sizes,4.0=60% heterogeneous sizes,5.0=45% heterogeneous sizes,6.0=30% heterogeneous sizes,7.0=15% heterogeneous sizes,8.0=5% heterogeneous sizes,"9.0=best, homogeneous",
,CO_371:0000093,SS,SS_Sugar200gHomogenatedBerries_brix,Selection in breeding,,Recommended,,Philip E. Marucci Center for Blueberry and Cranberry Research,Blueberry consortium,2022-06-05 00:00:00,EN,Blueberry,CO_371:0000266,Fruit soluble solids,Biochemical,Measure of sugar content by measuring percent of dissolved solids,,,,Fruit,soluble solids,Recommended,,CO_371:0000503,Brix reading from juice of 200 g of fruit,Measurement,Measured from juice from a 200 g homogenated berry sample with a refractometer,,,CO_371:0000552,brix,numerical,,,,,,,,,,,,,,
,CO_371:0000094,SS5,SS5_SugarOneBerry_brix,Selection in breeding,,Recommended,,USDA-ARS-GIFVL,Blueberry consortium,2022-06-05 00:00:00,EN,Blueberry,CO_371:0000266,Fruit soluble solids,Biochemical,Measure of sugar content by measuring percent of dissolved solids,,,,Fruit,soluble solids,Recommended,,CO_371:0000504,Brix reading from fruit sample,Measurement,Measured from juice from a berry sample,,,CO_371:0000552,brix,numerical,,,,,,,,,,,,,,
,CO_371:0000095,SS3,SS3_Sugar10Berries_brix,Selection in breeding,,Recommended,,USDA-ARS-TCHSL,Blueberry consortium,2022-06-05 00:00:00,EN,Blueberry,CO_371:0000266,Fruit soluble solids,Biochemical,Measure of sugar content by measuring percent of dissolved solids,,,,Fruit,soluble solids,Recommended,,CO_371:0000505,Brix reading from 20 fruit,Measurement,Measured from juice from berries. Result is average of 4 reps of 5 berries per genotype.,,"Rowland, L.J., Ogden, E.L., and Vinyard, B.T. 2020. Phenotypic evaluation of a hybrid diploid blueberry population for plant development and fruit quality traits. Agronomy 10, 1067; doi:10.3390/agronomy10081067",CO_371:0000552,brix,numerical,,,,,,,,,,,,,,
,CO_371:0000092,SSP,SSP_SolubleSolids_%,Selection in breeding,,Recommended,,GRIN-Vaccinium,Blueberry consortium,2022-06-05 00:00:00,EN,Blueberry,CO_371:0000266,Fruit soluble solids,Biochemical,Measure of sugar content by measuring percent of dissolved solids,,,,Fruit,soluble solids,Recommended,,CO_371:0000417,Percent soluble solids,Measurement,Measurement of sugar content or ripeness determined using a handheld refractometer,,Sampson et al. 2020 SWD antibiosis,CO_371:0000577,percent,numerical,,,,,,,,,,,,,,
,CO_371:0000096,FRSP,FRSP_FruitSplit_%,Selection in breeding,,Recommended,,USDA-ARS-TCHSL,Blueberry consortium,2022-06-05 00:00:00,EN,Blueberry,CO_371:0000267,Fruit splitting after wetting,Quality,Percent of fruit that split after setting in water,,,,Fruit,splitting after wetting,Recommended,,CO_371:0000422,Percent of fruit that split from water,Measurement,Percent of berries that were split after submersion in water for 14 hr.,,Marshall et al. (2007). Laboratory method to estimate rain-induced splitting in cultivated blueberries. HortScience 42(7):1551–1553.,CO_371:0000577,percent,numerical,,,,,,,,,,,,,,
,CO_371:0000097,FRD,FRD_StorageFruitDecay_1-9scale,Selection in breeding,,Recommended,,USDA-ARS-HCRL,Blueberry consortium,2022-06-05 00:00:00,EN,Blueberry,CO_371:0000268,Fruit storage decay,Quality,Amount of fruit decay after storage,,,,Fruit,storage decay,Recommended,,CO_371:0000398,Rating of fruit decay after storage,Estimation,Visual rating of fruit decay,,,CO_371:0000539,1-9 scale fruit decay,ordinal,,,,,1.0=all decayed,2.0=90% decayed,3.0=75% decayed,4.0=60% decayed,5.0=45% decayed,6.0=30% decayed,7.0=15% decayed,8.0=5% decayed,9.0=no decay,
,CO_371:0000098,SUCC,SUCC_Sucrose_g/L,Physiology studies,,Recommended,,USDA-ARS-TCHSL,Blueberry consortium,2022-06-05 00:00:00,EN,Blueberry,CO_371:0000269,Fruit sucrose content,Biochemical,Sucrose content,,,,Fruit,sucrose content,Recommended,,CO_371:0000374,Sucrose content,Measurement,Sucrose content in berry juice measured with a Gallery discrete analyzer according to manufacturers instructions.,,,CO_371:0000562,g/L,numerical,,,,,,,,,,,,,,
,CO_371:0000099,SWDAMP,SWDAMP_SWDAdultMortality_%,Selection in breeding,,Recommended,,GRIN-Vaccinium,Blueberry consortium,2022-06-05 00:00:00,EN,Blueberry,CO_371:0000270,Fruit SWD adult mortality,Biotic stress,SWD adult mortality percent,,,,Fruit,SWD adult mortality,Recommended,,CO_371:0000383,Spotted-wing Drosophila adult mortality percentage,Measurement,Spotted-wing drosphila adult mortality percent calculated,,Sampson et al. 2020 SWD antibiosis,CO_371:0000577,percent,numerical,,,,,,,,,,,,,,
,CO_371:0000100,SWD,SWD_SWDresistanceAntibiosis_1-5Index,Selection in breeding,,Recommended,,USDA-ARS-TCHSL,Blueberry consortium,2022-06-05 00:00:00,EN,Blueberry,CO_371:0000271,Fruit SWD antibiosis,Biotic stress,SWD resistance (antibiosis) of fruit,,,,Fruit,SWD antibiosis,Recommended,,CO_371:0000405,Rating of berry resistance to SWD feeding,Computation,"A resistance index was calculated as the sum of the number of fly reproductive parameters not significant (indicated by **) from the host (Vaccinium) standard)) + 1 (for significance from non-host standard) or +2 (for non-significance from non-host standard). The minimal resistance value is 1, the maximum is 5.",,"Blair Sampson, and Stephen Stringer, Kim Hummer, Ebrahiem Babiker, Chris Werle, and Donna Marshall-Shaw 2020. (submitted for publication 2020)",CO_371:0000531,1-5 index,ordinal,,,,,1.0=minimal resistance (15% resistant),2.0=light resistance (30% resistant),3.0=moderate resistance (45% resistant),4.0=high resistance (75% resistant),5.0=maximum resistance (>80% resistant),,,,,
,CO_371:0000101,SWDLPF,SWDLPF_SWDlarvaePerFruit_count,Selection in breeding,,Recommended,,GRIN-Vaccinium,Blueberry consortium,2022-06-05 00:00:00,EN,Blueberry,CO_371:0000272,Fruit SWD larvae per fruit,Biotic stress,SWD larvae per fruit,,,,Fruit,SWD larvae per fruit,Recommended,,CO_371:0000382,Spotted-wing Drosophila larvae per fruit,Computation,Spotted-wing drosphila average larvae per fruit calculated,,Sampson et al. 2020 SWD antibiosis,CO_371:0000556,count,count,,,,,,,,,,,,,,
,CO_371:0000102,SWDOSIS,SWDOSIS_SWDresistanceOviposition_0/1,Selection in breeding,,Recommended,,GRIN-Vaccinium,Blueberry consortium,2022-06-05 00:00:00,EN,Blueberry,CO_371:0000273,Fruit SWD oviposition success index count,Biotic stress,"SWD resistance, oviposition success index scale",,,,Fruit,SWD oviposition success index count,Recommended,,CO_371:0000378,"Spotted-wing Drosophila resistance, oviposition success index scale",Estimation,"One hundred berries were sampled from each of the 88 rabbiteye and southern highbush cultivars and selections and examined for the presence or absence of SWD feeding damage or egg laying, translated to show non-preference or susceptibility based on counts.",,"Stringer, S.J., Sampson, B.J. and Hummer, K.E. (2017). Screening small fruit germplasm for resistance to southern populations of invasive spotted wing drosophila, SWD (Diptera: Drosophilidae). Acta Hortic. (ISHS) 1180:45-52 https:",CO_371:0000580,1-10 scale winter hardiness,ordinal,,,,,1.0=killed to the ground,2.0=90% killed to the ground,3.0=80% killed to the ground,4.0=70% killed to the ground,5.0=60% killed to the ground,6.0=50% killed to the ground,7.0=40% killed to the ground,8.0=30% killed to the ground,9.0=20% killed to the ground,10.0=no damage
,CO_371:0000103,SWDOSIC,SWDOSIC_SWDResistanceOviposition_count,Selection in breeding,,Recommended,,GRIN-Vaccinium,Blueberry consortium,2022-06-05 00:00:00,EN,Blueberry,CO_371:0000274,Fruit SWD oviposition success index scale,Biotic stress,"SWD resistance, oviposition success index count",,,,Fruit,SWD oviposition success index scale,Recommended,,CO_371:0000379,"Spotted-wing Drosophila resistance, oviposition success index count",Measurement,One hundred berries were sampled from each of the 88 rabbiteye and southern highbush cultivars and selections and examined for the presence or absence of SWD feeding damage or egg laying.,,"Stringer, S.J., Sampson, B.J. and Hummer, K.E. (2017). Screening small fruit germplasm for resistance to southern populations of invasive spotted wing drosophila, SWD (Diptera: Drosophilidae). Acta Hortic. (ISHS) 1180:45-52 https:",CO_371:0000556,count,count,,,,,,,,,,,,,,
,CO_371:0000104,SWDRR,SWDRR_SWDReproductiveRate_count,Selection in breeding,,Recommended,,GRIN-Vaccinium,Blueberry consortium,2022-06-05 00:00:00,EN,Blueberry,CO_371:0000275,Fruit SWD reproductive rate,Biotic stress,SWD reproductive rate,,,,Fruit,SWD reproductive rate,Recommended,,CO_371:0000381,Spotted-wing Drosophila reproductive rate,Measurement,Spotted-wing drosphila reproductive rate calculated,,Sampson et al. 2020 SWD antibiosis,CO_371:0000556,count,count,,,,,,,,,,,,,,
,CO_371:0000105,SWDRI,SWDRI_SWDresistance_0-5Index,Selection in breeding,,Recommended,,GRIN-Vaccinium,Blueberry consortium,2022-06-05 00:00:00,EN,Blueberry,CO_371:0000276,Fruit SWD resistance index,Biotic stress,SWD resistance index,,,,Fruit,SWD resistance index,Recommended,,CO_371:0000380,Spotted-wing Drosophila resistance index,Measurement,"Spotted-wing drosphila resistance index calculated as in Reference Sampson et al. 2020 SWD antibiosis. Resistance Index = (sum of the non-significant reproductive parmeters (indicated by **) compared with Vaccinium standard) + 1 (for significance from non-host standard) or +2 (for non-significance from non-host standard) min = 1, max = 5",,,CO_371:0000522,0-5Index,ordinal,,,,,,,,,,,,,,
,CO_371:0000106,SWDVEPF,SWDVEPF_SWDViableEggsPerFruit_count,Selection in breeding,,Recommended,,GRIN-Vaccinium,Blueberry consortium,2022-06-05 00:00:00,EN,Blueberry,CO_371:0000277,Fruit SWD viable eggs per fruit,Biotic stress,SWD viable eggs per fruit,,,,Fruit,SWD viable eggs per fruit,Recommended,,CO_371:0000377,Spotted-wing Drosophila viable eggs per fruit,Measurement,Spotted-wing drosphila viable eggs per fruit calculated,,Sampson et al. 2020 SWD antibiosis,CO_371:0000556,count,count,,,,,,,,,,,,,,
,CO_371:0000107,AGC,AGC_Syringetin3-Glucoside _mg/100g,Physiology studies,,Recommended,,North Carolina State University-PHHI,Blueberry consortium,2022-06-05 00:00:00,EN,Blueberry,CO_371:0000278,Fruit syrengitin 3-glucoside content,Biochemical,Syringetin 3-glucoside content,,,,Fruit,syrengitin 3-glucoside content,Recommended,,CO_371:0000373,Syrengitin 3-glucoside content,Measurement,"Measured with HPLC, reported as mg/100 gram of fresh tissue weight",,,CO_371:0000569,mg/100 g,numerical,,,,,,,,,,,,,,
,CO_371:0000108,FT,FT_FruitTexture_1-9scale,Selection in breeding,,Recommended,,USDA-ARS-HCRL,Blueberry consortium,2022-06-05 00:00:00,EN,Blueberry,CO_371:0000279,Fruit texture,Quality,Texture of mature fruit,,,,Fruit,texture,Recommended,,CO_371:0000392,Rating of mature fruit texture,Estimation,Survey of fruit texture on a scale,,,CO_371:0000545,1-9 scale fruit texture,ordinal,,,,,1.0=mush,2.0=mostly mush,3.0=moderately mush,4.0=semi mush,5.0=semi firm,6.0=moderatly firm,7.0=mostly firm,8.0=crunch,9.0=too firm,
,CO_371:0000112,TOTAC,TOTAC_TotAcid_mg/L,Physiology studies,,Recommended,,USDA-ARS-TCHSL,Blueberry consortium,2022-06-05 00:00:00,EN,Blueberry,CO_371:0000280,Fruit total acid content,Biochemical,Total acid content,,,,Fruit,total acid content,Recommended,,CO_371:0000371,Total acid content,Measurement,Total acid content in berry juice measured with a Gallery discrete analyzer according to manufacturers instructions.,,,CO_371:0000571,mg/L,numerical,,,,,,,,,,,,,,
,CO_371:0000113,TPC,TPC_TotPhenolics_mg/L,Physiology studies,,Recommended,,USDA-ARS-TCHSL,Blueberry consortium,2022-06-05 00:00:00,EN,Blueberry,CO_371:0000281,Fruit total phenolics content,Biochemical,Total phenolics content measured with a discrete analyzer,,,,Fruit,total phenolics content,Recommended,,CO_371:0000370,Total phenolics content,Measurement,Total phenolics content in berry juice measured with a Gallery discrete analyzer according to manufacturers instructions,,,CO_371:0000571,mg/L,numerical,,,,,,,,,,,,,,
,CO_371:0000114,SS2,SS2_TotSugar_brix,Physiology studies,,Recommended,,USDA-ARS-TCHSL,Blueberry consortium,2022-06-05 00:00:00,EN,Blueberry,CO_371:0000282,Fruit total sugar content,Biochemical,Total sugar content,,,,Fruit,total sugar content,Recommended,,CO_371:0000369,Total sugar content measured in Brix,Measurement,Sugar content in berry juice from a 10-berry sample at 50% ripe stage measured with refractometer as percent of dissolved solids (brix).,,,CO_371:0000552,brix,numerical,,,,,,,,,,,,,,
,CO_371:0000115,HVSP,HVSP_UniformRipe_1-9scale,Selection in breeding,,Recommended,,USDA-ARS-HCRL,Blueberry consortium,2022-06-05 00:00:00,EN,Blueberry,CO_371:0000283,Fruit uniform ripening,Agronomic,Uniform ripening,,,,Fruit,uniform ripening,Recommended,,CO_371:0000387,Rating of uniform ripening of fruit,Estimation,Visual rating of uniform ripeness (harvest spread),,,CO_371:0000551,1-9 scale uniform ripening,ordinal,,,,,1.0=long harvest spread (80% harvested in greater than 10 days),2.0=long harvest spread (70% harvested in greater than 10 days)),3.0=moderately long harvest spread (60% harvested in greater than 10 days)),4.0=above average harvest spread (50% harvested in greater than 10 days)),5.0=average harvest spread (40% harvested in greater than 10 days)),6.0=moderately short harvest spread (30% harvested in greater than 10 days),7.0=short harvest spread level 7 (20% harvested in greater than 10 days),8.0=short harvest spread level 7 (10% harvested in greater than 10 days),9.0=short harvest spread (80% of berries harvested in less than 10 days),
,CO_371:0000116,FRUV,FRUV_FruitUVDamage_1-9scale,Selection in breeding,,Recommended,,USDA-ARS-HCRL,Blueberry consortium,2022-06-05 00:00:00,EN,Blueberry,CO_371:0000284,Fruit UV damage,Abiotic stress,Amount of UV damage on fruit,,,,Fruit,UV damage,Recommended,,CO_371:0000516,Amount of UV damage,Estimation,Visual rating of UV damage on fruit,,,CO_371:0000546,1-9 scale fruit UV damange,ordinal,,,,,1.0=lots of damage,2.0=90% damage,3.0=75% damage,4.0=60% damage,5.0=45% damage,6.0=30% damage,7.0=15% damage,8.0=5% damage,9.0=no damage,
,CO_371:0000118,FWT2,FWT2_Ave30FruitWeight_g,Selection in breeding,,Recommended,,USDA-ARS-TCHSL,Blueberry consortium,2022-06-05 00:00:00,EN,Blueberry,CO_371:0000285,Fruit weight,Agronomic,Average weight of fruit,,,,Fruit,weight,Recommended,,CO_371:0000509,Average weight of 30 fruits,Measurement,Average weight (g) of one fruit calculated from 30 fruit sample,,,CO_371:0000564,grams,numerical,,,,,,,,,,,,,,
,CO_371:0000117,FWT,FWT_Ave25FruitWeight_g,Selection in breeding,,Recommended,,USDA-ARS-GIFVL,Blueberry consortium,2022-06-05 00:00:00,EN,Blueberry,CO_371:0000285,Fruit weight,Agronomic,Average weight of fruit,,,,Fruit,weight,Recommended,,CO_371:0000510,Average weight of 25 fruits,Measurement,Average weight (g) of one fruit calculated from 25 fruit sample.,,"Rowland, L.J., Ogden, E.L., and Vinyard, B.T. 2020. Phenotypic evaluation of a hybrid diploid blueberry population for plant development and fruit quality traits. Agronomy 10, 1067; doi:10.3390",CO_371:0000564,grams,numerical,,,,,,,,,,,,,,
,CO_371:0000119,BLS,BLS_SusToBLS_0/1,Selection in breeding,,Recommended,,USDA-ARS,Blueberry consortium,2022-06-05 00:00:00,EN,Blueberry,CO_371:0000286,Leaf bacterial scorch,Biotic stress,Susceptibility to bacterial leaf scorch,,,,Leaf,bacterial scorch,Recommended,,CO_371:0000359,Visual observation of disease presence,Estimation,Visual observation of disease presence of Bacterial leaf scorch,,,CO_371:0000525,0/1,nominal,,,,,,,,,,,,,,
,CO_371:0000120,LC,LC_Color_0-1scale,Physiology studies,,Recommended,,GRIN-Vaccinium,Blueberry consortium,2022-06-05 00:00:00,EN,Blueberry,CO_371:0000287,Leaf color,Morphological,Color of leaves in fall,,,,Leaf,color,Recommended,,CO_371:0000431,Observed color of leaves in autumn,Measurement,Color of leaves during autumn weather,,,CO_371:0000517,0-1 color scale,nominal,,,,,,,,,,,,,,
,CO_371:0000121,LFD,LFD_LeafDensity_1-9scale,Physiology studies,,Recommended,,USDA-ARS-TCHSL,Blueberry consortium,2022-06-05 00:00:00,EN,Blueberry,CO_371:0000288,Leaf density,Morphological,Density of leaves in plant canopy,,,,Leaf,density,Recommended,,CO_371:0000375,Subjective rating or describe density of leaves in plant canopy,Estimation,Visual rating of density of leaves in plant canopy,,,CO_371:0000549,1-9 scale leaf density,ordinal,,,,,1.0=less dense canopy,2.0=moderately loose canopy,3.0=semi-loose canopy,4.0=loose canopy,5.0=average density canopy,6.0=above average dense canopy,7.0=moderately dense canopy,8.0=dense canopy,9.0=very dense canopy,
,CO_371:0000122,SNL,SNL_SusToSharp-nosedLH_0/1,Selection in breeding,,Recommended,,USDA-ARS,Blueberry consortium,2022-06-05 00:00:00,EN,Blueberry,CO_371:0000289,Leaf leafhoper,Biotic stress,Susceptibility to sharp-nosed leafhopper,,,,Leaf,leafhoper,Recommended,,CO_371:0000346,Visual observation of sharp-nosed leafhopper,Estimation,Visual observation of insect presence of Sharp-nosed leafhopper,,,CO_371:0000525,0/1,nominal,,,,,,,,,,,,,,
,CO_371:0000123,LRR,LRR_LeafRustReaction_0-4scale,Selection in breeding,,Recommended,,USDA-ARS-TCHSL,Blueberry consortium,2022-06-05 00:00:00,EN,Blueberry,CO_371:0000290,Leaf rust resistance,Biotic stress,Reaction to leaves to leaf rust inoculation,,,,Leaf,rust resistance,Recommended,,CO_371:0000384,Reaction to leaf rust,Estimation,"Four weeks after inoculation, four to six leaves were inspected and the disease reactions were rated.",,Babiker et al. (2018) HortScience 53(10):1447–1452. Reaction of different Vaccinium species to the blueberry leaf rust pathogen Thekopsora minima,CO_371:0000521,0-4 scale leaf rust resistance,ordinal,,,,,,,,,,,,,,
,CO_371:0000124,5RP,5RP_5%Ripe_day,Physiology studies,,Recommended,,USDA-ARS-GIFVL,Blueberry consortium,2022-06-05 00:00:00,EN,Blueberry,CO_371:0000291,Plant 5% ripe,Phenological,Number of days to 5% ripe,,,,Plant,5% ripe,Recommended,,CO_371:0000479,Days to 5% ripe,Counting,Number of days from January 1 to 5% ripe,,,CO_371:0000558,days,duration,,,,,,,,,,,,,,
,CO_371:0000125,50B,50B_50%Bloom_day,Physiology studies,,Recommended,,USDA-ARS-HCRL,Blueberry consortium,2022-06-05 00:00:00,EN,Blueberry,CO_371:0000292,Plant 50% bloom,Phenological,Number of days to 50% bloom,,,,Plant,50% bloom,Recommended,,CO_371:0000478,Days to 50% bloom,Counting,Number of days from January 1st to 50% bloom,,,CO_371:0000558,days,duration,,,,,,,,,,,,,,
,CO_371:0000126,50RB,50RB_50%ReBloom_day,Physiology studies,,Recommended,,USDA-ARS-TCHSL,Blueberry consortium,2022-06-05 00:00:00,EN,Blueberry,CO_371:0000293,Plant 50% re-bloom,Phenological,Number of days to 50% re-bloom,,,,Plant,50% re-bloom,Recommended,,CO_371:0000477,Days to 50% re-bloom,Counting,Number of days from January 1st to 50% re-bloom,,,CO_371:0000558,days,duration,,,,,,,,,,,,,,
,CO_371:0000127,50RP,50RP_50%Ripe_day,Physiology studies,,Recommended,,USDA-ARS-TCHSL,Blueberry consortium,2022-06-05 00:00:00,EN,Blueberry,CO_371:0000294,Plant 50% ripe,Phenological,Number of days to 50% ripe,,,,Plant,50% ripe,Recommended,,CO_371:0000476,Days to 50% ripe,Counting,Number of days from January 1 to 50% ripe,,,CO_371:0000558,days,duration,,,,,,,,,,,,,,
,CO_371:0000128,95RP,95RP_95%Ripe_day,Physiology studies,,Recommended,,USDA-ARS-HCRL,Blueberry consortium,2022-06-05 00:00:00,EN,Blueberry,CO_371:0000295,Plant 95% ripe,Phenological,Number of days to 95% ripe,,,,Plant,95% ripe,Recommended,,CO_371:0000475,Days to 95% ripe,Counting,Number of days from January 1 to 95% ripe,,,CO_371:0000558,days,duration,,,,,,,,,,,,,,
,CO_371:0000129,APH,APH_SusToAphids_0/1,Selection in breeding,,Recommended,,USDA-ARS,Blueberry consortium,2022-06-05 00:00:00,EN,Blueberry,CO_371:0000296,Plant aphids,Biotic stress,Susceptibility to aphids,,,,Plant,aphids,Recommended,,CO_371:0000366,Visual observation of aphids,Estimation,Visual observation of insect presence of Aphids,,,CO_371:0000525,0/1,nominal,,,,,,,,,,,,,,
,CO_371:0000130,BBC,BBC_SusToBBC_0/1,Selection in breeding,,Recommended,,USDA-ARS,Blueberry consortium,2022-06-05 00:00:00,EN,Blueberry,CO_371:0000297,Plant blight-canker,Biotic stress,Susceptibility to bacterial blight/canker,,,,Plant,blight-canker,Recommended,,CO_371:0000365,Visual observation of bacterial blight/canker,Estimation,Visual observation of disease presence of Bacterial flight/canker,,,CO_371:0000525,0/1,nominal,,,,,,,,,,,,,,
,CO_371:0000131,BLSHVP,BLSHVP_BSVsymp_0/1,Selection in breeding,,Recommended,,USDA-ARS-HCRL,Blueberry consortium,2022-06-05 00:00:00,EN,Blueberry,CO_371:0000298,Plant BLSHV presence,Biotic stress,Presence of BSV symptoms in the field pre-harvest,,,,Plant,BLSHV presence,Recommended,,CO_371:0000507,Blueberry Shock Virus presence,Estimation,Visual evaluation of plants for BLSHV presence in the field prior to harvest,,,CO_371:0000525,0/1,nominal,,,,,,,,,,,,,,
,CO_371:0000132,BLSHVE,BLSHVE_ShockVirusELISA_0-3scale,Selection in breeding,,Recommended,,GRIN-Vaccinium,Blueberry consortium,2022-06-05 00:00:00,EN,Blueberry,CO_371:0000299,Plant BLSHV sensitivity,Biotic stress,ELISA test results for Blueberry Shock Virus,,,,Plant,BLSHV sensitivity,Recommended,,CO_371:0000508,Blueberry Shock Virus ELISA,Measurement,Results of Blueberry shock virus tested by ELISA assay. Used in conjunction to derive Blueberry Shock Virus Years to Develop,,"Finn, C.E., Mackey, T.A., Postman, J.D. and Martin, R.R. (2017). Identifying blueberry germplasm that is slow to get Blueberry shock virus in the Pacific Northwest United States. Acta Hortic. 1180, 423-430. DOI: 10.17660",CO_371:0000520,0-3 scale,nominal,,,,,,,,,,,,,,
,CO_371:0000133,BLSHV,BLSHV_YearsBeforePositiveShockVirus_year,Selection in breeding,,Recommended,,GRIN-Vaccinium,Blueberry consortium,2022-06-05 00:00:00,EN,Blueberry,CO_371:0000300,Plant BLSHV symptoms development time,Biotic stress,Number of years before the plant tests positive for Blueberry Shock Virus,,,,Plant,BLSHV symptoms development time,Recommended,,CO_371:0000506,Blueberry Shock Virus symptoms timing,Measurement,"Number of years since planting that the plant tests positive for Blueberry shock virus by ELISA assay. Lower values means that the plant succumbs to the virus faster; higher values means that the plant does not test positive for the virus for a longer time. Ultimately categorized into <3 years - rapid to test positive, 3-5 years intermediate to test positive, 5-10 slow to test positive, >10 very slow to test positive. Referenced in Finn, C.E., Mackey, T.A., Postman, J.D. and Martin, R.R. (2017). Identifying blueberry germplasm that is slow to get Blueberry shock virus in the Pacific Northwest United States.",,"Acta Hortic. 1180, 423-430. DOI: 10.17660",CO_371:0000559,Development time in years,duration,,,,,,,,,,,,,,
,CO_371:0000134,BS,BS_BudsPerCane_1-3scale,Physiology studies,,Recommended,,USDA-ARS-HCRL,Blueberry consortium,2022-06-05 00:00:00,EN,Blueberry,CO_371:0000301,Plant bud set,Agronomic,Number of buds per cane,,,,Plant,bud set,Recommended,,CO_371:0000404,Rating of bud set,Estimation,Visual count of the number of buds per cane,,,CO_371:0000526,1-3 scale,ordinal,,,,,1.0=1 bud/cane,2.0=2-3 buds/cane,3.0=4+ buds/cane,,,,,,,
,CO_371:0000135,BS2,BS2_BudsNo_buds/cane,Physiology studies,,Recommended,,USDA-ARS-HCRL,Blueberry consortium,2022-06-05 00:00:00,EN,Blueberry,CO_371:0000301,Plant bud set,Agronomic,Number of buds per cane,,,,Plant,bud set,Recommended,,CO_371:0000456,Measurement of bud set,Counting,Count number floral buds (clusters) on 3 random canes,,,CO_371:0000553,buds/cane,numerical,,,,,,,,,,,,,,
,CO_371:0000136,BSZ,BSZ_BushSize_cm2,Physiology studies,,Recommended,,USDA-ARS-HCRL,Blueberry consortium,2022-06-05 00:00:00,EN,Blueberry,CO_371:0000302,Plant bush size,Agronomic,Size of bush in January,,,,Plant,bush size,Recommended,,CO_371:0000494,Computation of bush size based on height and width in January,Counting,height x width measurement cm2,,,CO_371:0000555,cm2,numerical,,,,,,,,,,,,,,
,CO_371:0000137,DNARATIO,DNARATIO_DNA/stdDNA_DNA/stdDNA,Germplasm characterization,,Recommended,,GRIN-Vaccinium,Blueberry consortium,2022-06-05 00:00:00,EN,Blueberry,CO_371:0000303,Plant DNA ratio,Physiological,Ratio of DNA to DNA in a standard plant,,,,Plant,DNA ratio,Recommended,,CO_371:0000385,Ratio of DNA to DNA in standard plant,Measurement,"Flow cytometry measurement of the ratio of the amoun tof sample DNA to the amount of DNA in a standard plant. Flow Cytometry determination using DAPI with internal standard = Vinca minor. Performed by Plant Cytometry Services, The Netherlands, 30 June 2012. This project was a collaborative effort from the USDA ARS and the University of Florida.",,,CO_371:0000560,DNA/stdDNA,numerical,,,,,,,,,,,,,,
,CO_371:0000138,ELFS,ELFS_SusToELFS_0/1,Selection in breeding,,Recommended,,USDA-ARS,Blueberry consortium,2022-06-05 00:00:00,EN,Blueberry,CO_371:0000304,Plant exobasidium spot,Biotic stress,Susceptibility to exobasidium leaf and fruit spot,,,,Plant,exobasidium spot,Recommended,,CO_371:0000357,Visual observation of exobasidium spot,Estimation,Visual observation of disease presence of Exobasidium leaf and fruit spot,,,CO_371:0000525,0/1,nominal,,,,,,,,,,,,,,
,CO_371:0000139,FIB,FIB_EarlyBloomStage_date,Physiology studies,,Recommended,,USDA-ARS-GIFVL,Blueberry consortium,2022-06-05 00:00:00,EN,Blueberry,CO_371:0000305,Plant first bloom,Phenological,Day of year (Julian day) when plant reached Early Bloom stage (<5%),,,,Plant,first bloom,Recommended,,CO_371:0000485,Day of year (Julian day) when plant reached Early Bloom stage (<5%),Measurement,Day of year (Julian day) when plant reached Early Bloom stage (<5%).,,"Rowland, L.J., Ogden, E.L., and Vinyard, B.T. 2020. Phenotypic evaluation of a hybrid diploid blueberry population for plant development and fruit quality traits. Agronomy 10, 1067; doi:10.3390/agronomy10081067",CO_371:0000557,date,date,,,,,,,,,,,,,,
,CO_371:0000140,FRP,FRP_FirstBerryRipe_date,Physiology studies,,Recommended,,USDA-ARS-HCRL,Blueberry consortium,2022-06-05 00:00:00,EN,Blueberry,CO_371:0000306,Plant first ripe,Phenological,Day of year (Julian day) when first berry is ripe,,,,Plant,first ripe,Recommended,,CO_371:0000487,Day of year (Julian day) when first berry is ripe,Measurement,Day of year (Julian day) when first berry is ripe,,,CO_371:0000557,date,date,,,,,,,,,,,,,,
,CO_371:0000141,NFR,NFR_InVivoPollinationFruit_%,Selection in breeding,,Recommended,,USDA-ARS-HCRL,Blueberry consortium,2022-06-05 00:00:00,EN,Blueberry,CO_371:0000307,Plant fruit number,Agronomic,Number of fruit harvested from in vivo pollinations,,,,Plant,fruit number,Recommended,,CO_371:0000440,Number of fruit harvested from in vivo pollinations,Measurement,Number of fruits harvested/total number of in vivo pollinations,,,CO_371:0000577,percent,numerical,,,,,,,,,,,,,,
,CO_371:0000142,FSP,FSP_FruitSet_%,Selection in breeding,,Recommended,,GRIN-Vaccinium,Blueberry consortium,2022-06-05 00:00:00,EN,Blueberry,CO_371:0000308,Plant fruit set,Agronomic,Percent fruit set,,,,Plant,fruit set,Recommended,,CO_371:0000427,Percent fruit set,Measurement,Percent of fruit set on the plant measured,,"VACCINIUM.MADISON.88, Cranberry Cultivar Evaluation, 1988 Experiment Type: Field FIELD Study Year: 1988 Exp.",CO_371:0000577,percent,numerical,,,,,,,,,,,,,,
,CO_371:0000143,FUB,FUB_FullBloom_date,Physiology studies,,Recommended,,USDA-ARS-GIFVL,Blueberry consortium,2022-06-05 00:00:00,EN,Blueberry,CO_371:0000309,Plant full bloom,Phenological,Day of year (Julian day) when plant reached Full Bloom stage (>80%),,,,Plant,full bloom,Recommended,,CO_371:0000483,Day of year (Julian day) when plant reached Full Bloom stage (>50%),Measurement,Day of year (Julian day) when plant reached Full Bloom stage (>50%).,,"Rowland, L.J., Ogden, E.L., and Vinyard, B.T. 2020. Phenotypic evaluation of a hybrid diploid blueberry population for plant development and fruit quality traits. Agronomy 10, 1067; doi:10.3390/agronomy10081067",CO_371:0000557,date,date,,,,,,,,,,,,,,
,CO_371:0000144,GRH,GRH_GrowthHabit_1-9scale,Physiology studies,,Recommended,,USDA-ARS-HCRL,Blueberry consortium,2022-06-05 00:00:00,EN,Blueberry,CO_371:0000310,Plant growth habit,Agronomic,Upright or sprawling or narrow growth habit,,,,Plant,growth habit,Recommended,,CO_371:0000390,Rating of plant growth habit,Estimation,Visual rating of plant growth habit,,,CO_371:0000548,1-9 scale growth habit,ordinal,,,,,1.0=willowy,2.0=90% willowy,3.0=75% willowy,4.0=60% willowy,5.0=45% willowy,6.0=30% willowy,7.0=15% willowy,8.0=5% willowy,9.0=stocky,
,CO_371:0000146,PLHGT,PLHGT_PlantHeight_cm,Selection in breeding,,Recommended,,USDA-ARS-HCRL,Blueberry consortium,2022-06-05 00:00:00,EN,Blueberry,CO_371:0000311,Plant height,Morphological,Plant height measured in centimeters,,,,Plant,height,Recommended,,CO_371:0000449,Measurement of plant height,Measurement,Measurement of plant height in centimeters in January,,,CO_371:0000554,cm,numerical,,,,,,,,,,,,,,
,CO_371:0000145,PLGRC,PLGRC_UprightGrowth_cm,Selection in breeding,,Recommended,,GRIN-Vaccinium,Blueberry consortium,2022-06-05 00:00:00,EN,Blueberry,CO_371:0000311,Plant height,Morphological,Plant height measured in centimeters,,,,Plant,height,Recommended,,CO_371:0000450,Measurement of plant growth upright,Measurement,Measurement of plant upright growth in centimeters,,"VACCINIUM.MADISON.88, Cranberry Cultivar Evaluation, 1988 Experiment Type: Field FIELD Study Year: 1988 Exp.",CO_371:0000554,cm,numerical,,,,,,,,,,,,,,
,CO_371:0000147,LBR,LBR_LeafBloomOrder_-0/1/1scale,Physiology studies,,Recommended,,USDA-ARS-HCRL,Ebrahiem Babiker,2022-06-05 00:00:00,EN,Blueberry,CO_371:0000312,Plant leaf to bloom ratio,Biotic stress,Order of bloom and leaf emergence in January,,,,Plant,leaf to bloom ratio,Recommended,,CO_371:0000461,Leaf to bloom ratio,Estimation,Visual observation of the order of appearance of first leaf and first bloom in January,,,CO_371:0000576,order of leaf and bloom emergence,nominal,,,,,,,,,,,,,,
,CO_371:0000148,LHR,LHR_ResToLeafhopper_index,Selection in breeding,,Recommended,,North Carolina State University-PHHI,Blueberry consortium,2022-06-05 00:00:00,EN,Blueberry,CO_371:0000313,Plant leafhopper resistance,Biotic stress,Resistance to Scaphytopius magdalensis,,,,Plant,leafhopper resistance,Recommended,,CO_371:0000372,Testing of leafhopper resistance in controlled conditions,Computation,Leafhopper growth index values were calculated. Highly susceptible had values close to 25 and resistant had an index value of zero.,,"Meyer, J. R. and J. R. Ballington. 1990. Resistance of Vaccinium spp. to the leafhopper Scaphytopius magdalensis (Homoptera: Cicadellidae). Ann. Entomol. Soc. Am. 83: 515-520.",CO_371:0000565,growth index,numerical,,,,,,,,,,,,,,
,CO_371:0000149,MINSOIL,MINSOIL_VegVigorYieldNitrientDef_0-10Index,Physiology studies,,Recommended,,Ohio State University,Blueberry consortium,2022-06-05 00:00:00,EN,Blueberry,CO_371:0000314,Plant mineral soil adaptation index,Agronomic,"Index calculated from vegetative vigor, yield, and nutrient deficiency",,,,Plant,mineral soil adaptation index,Recommended,,CO_371:0000411,Plant growth and yield due to soil,Measurement,"A mineral soil adaptation index (0 – 10) for each genotype was calculated as follows: mineral soil adaptation score = Ʃ mean ratings for vegetative vigor, yield balance and nutrient deficiency symptoms divided by 5. This index was used in conjunction with growth and fruiting data to evaluate genotypic response to the mineral soil environment. Individuals displaying indices > or = 7.5 exhibited mineral soil adaptation. Referenced in Scheerens, J.C., Erb, W.A., Goulart, B.L., and Hancock, J.F. (1999a). Blueberry hybrids with complex genetic backgrounds evaluated on mineral soils: stature, growth rate, yield potential and adaptability to mineral soil conditions as influenced by parental species.",,"Fruit Var. J. 53, 73–90.",CO_371:0000518,0-10 index,ordinal,,,,,,,,,,,,,,
,CO_371:0000153,REPEATBLM,REPEATBLM_RepeatBloom_%,Physiology studies,,Recommended,,GRIN-Vaccinium,Blueberry consortium,2022-06-05 00:00:00,EN,Blueberry,CO_371:0000316,Plant repeat bloom,Agronomic,Percent repeat bloom,,,,Plant,repeat bloom,Recommended,,CO_371:0000420,Percent of repeat bloom,Measurement,Percent of repeat bloom on the plant measured,,"VACCINIUM.MADISON.88, Cranberry Cultivar Evaluation, 1988 Experiment Type: Field FIELD Study Year: 1988 Exp.",CO_371:0000577,percent,numerical,,,,,,,,,,,,,,
,CO_371:0000154,NRBV,NRBV_SusToNRBV_0/1,Selection in breeding,,Recommended,,USDA-ARS,Blueberry consortium,2022-06-05 00:00:00,EN,Blueberry,CO_371:0000317,Plant ring blotch,Biotic stress,Susceptibility to necrotic ring blotch virus,,,,Plant,ring blotch,Recommended,,CO_371:0000352,Visual observation of necrotic ring blotch virus,Estimation,Visual observation of disease presence of Necrotic ring blotch virus,,,CO_371:0000525,0/1,nominal,,,,,,,,,,,,,,
,CO_371:0000155,BLSV,BLSV_SusToScorchVirus_0/1,Selection in breeding,,Recommended,,USDA-ARS,Blueberry consortium,2022-06-05 00:00:00,EN,Blueberry,CO_371:0000318,Plant scorch virus,Biotic stress,Susceptibility to blueberry scorch virus,,,,Plant,scorch virus,Recommended,,CO_371:0000364,Visual observation of blueberry scorch virus,Estimation,Visual observation of disease presence of Blueberry scorch virus,,,CO_371:0000525,0/1,nominal,,,,,,,,,,,,,,
,CO_371:0000156,BMS,BMS_SusBMSB_0/1,Selection in breeding,,Recommended,,USDA-ARS,Blueberry consortium,2022-06-05 00:00:00,EN,Blueberry,CO_371:0000319,Plant stinkbug,Biotic stress,Susceptibility to brown marmorated stinkbug,,,,Plant,stinkbug,Recommended,,CO_371:0000362,Visual observation of brown marmorated stink bug,Estimation,Visual observation of insect presence of Brown marmorated stinkbug,,,CO_371:0000525,0/1,nominal,,,,,,,,,,,,,,
,CO_371:0000157,BLST,BLST_SusToStunt_0/1,Selection in breeding,,Recommended,,USDA-ARS,Blueberry consortium,2022-06-05 00:00:00,EN,Blueberry,CO_371:0000320,Plant stunt,Biotic stress,Susceptibility to blueberry stunt,,,,Plant,stunt,Recommended,,CO_371:0000363,Visual observation of blueberry stunt,Estimation,Visual observation of disease presence of Blueberry stunt,,,CO_371:0000525,0/1,nominal,,,,,,,,,,,,,,
,CO_371:0000158,TTT,TTT_CultivarID_0/1,Germplasm characterization,,Recommended,,USDA-ARS-HCRL,Blueberry consortium,2022-06-05 00:00:00,EN,Blueberry,CO_371:0000321,Plant true to type,Physiological,Confirmation of cultivar identity based on pedigree analysis using molecular markers,,,,Plant,true to type,Recommended,,CO_371:0000493,Confirming cultivar identity with pedigree analysis,Measurement,If offspring have alleles from parents they are true to type.,,"Bassil, N.V., Bidani, A., Nyberg, A., Hummer, K. and Rowland, L.J. (2020) Microsatellite markers confirm identity of blueberry (Vaccinium spp.) plants in the USDA-ARS National Clonal Germplasm Repository collection. Genet. Resour. Crop Evol. 67:393–409 https:",CO_371:0000525,0/1,nominal,,,,,,,,,,,,,,
,CO_371:0000159,BERRUPRGT,BERRUPRGT_UprightBerries_count,Physiology studies,,Recommended,,GRIN-Vaccinium,Blueberry consortium,2022-06-05 00:00:00,EN,Blueberry,CO_371:0000322,Plant upright berries,Agronomic,Numer of upright berries,,,,Plant,upright berries,Recommended,,CO_371:0000437,Number of upright berries,Counting,Numer of upright berries on the plant measured,,"VACCINIUM.MADISON.88, Cranberry Cultivar Evaluation, 1988 Experiment Type: Field FIELD Study Year: 1988 Exp.",CO_371:0000556,count,count,,,,,,,,,,,,,,
,CO_371:0000160,FLWRSUPRGT,FLWRSUPRGT_UprightFlowers_count,Physiology studies,,Recommended,,GRIN-Vaccinium,Blueberry consortium,2022-06-05 00:00:00,EN,Blueberry,CO_371:0000323,Plant upright flowers,Agronomic,Numer of upright flowers,,,,Plant,upright flowers,Recommended,,CO_371:0000436,Number of upright flowers,Counting,Number of upright flowers on the plant measured,,"VACCINIUM.MADISON.88, Cranberry Cultivar Evaluation, 1988 Experiment Type: Field FIELD Study Year: 1988 Exp.",CO_371:0000556,count,count,,,,,,,,,,,,,,
,CO_371:0000150,VIG2,VIG2_PlantVigor_1-3scale,Selection in breeding,,Recommended,,USDA-ARS-HCRL,Blueberry consortium,2022-06-05 00:00:00,EN,Blueberry,CO_371:0000315,Plant vigor,Agronomic,Plant vigor,,,,Plant,vigor,Recommended,,CO_371:0000389,Rating of plant vigor on scale of 1-3,Estimation,Visual rating of plant vigor,,,CO_371:0000528,1-3 scale plant vigor,ordinal,,,,,1.0=weak,2.0=between or average,3.0=vigorous,,,,,,,
,CO_371:0000152,VIG,VIG_Vigor_1-9scale,Selection in breeding,,Recommended,,USDA-ARS-TCHSL,Blueberry consortium,2022-06-05 00:00:00,EN,Blueberry,CO_371:0000315,Plant vigor,Agronomic,Plant vigor,,,,Plant,vigor,Recommended,,CO_371:0000388,Rating of plant vigor on scale of 1-9,Estimation,Visual rating of plant vigor,,,CO_371:0000550,1-9 scale plant vigor,ordinal,,,,,"1.0=weak, most will die","2.0=weak, 80% will die","3.0=weak, 70% will die",4.0=60% will die,"5.0=average vigorous, 50% will die",6.0=above average vigorous (40% will die),7.0=moderately vigoroug (30% will die),8.0=vigorous (20% will die),9.0=very vigorous (highest survival),
,CO_371:0000151,VIG3,VIG3_PlantVigorM_cm2,Selection in breeding,,Recommended,,USDA-ARS-HCRL,Blueberry consortium,2022-06-05 00:00:00,EN,Blueberry,CO_371:0000315,Plant vigor,Agronomic,Plant vigor,,,,Plant,vigor,Recommended,,CO_371:0000495,Computation of bush size based on height and width at end of summer,Computation,height x width measurement cm2,,,CO_371:0000555,cm2,numerical,,,,,,,,,,,,,,
,CO_371:0000161,PLWTH,PLWTH_PlantWidth_cm,Selection in breeding,,Recommended,,USDA-ARS-HCRL,Blueberry consortium,2022-06-05 00:00:00,EN,Blueberry,CO_371:0000324,Plant width,Morphological,Plant width measured in centimeters,,,,Plant,width,Recommended,,CO_371:0000448,Measurement of plant width in centimeters,Measurement,Measurement of plant width in centimeters in January,,,CO_371:0000554,cm,numerical,,,,,,,,,,,,,,
,CO_371:0000163,YLD,YLD_FruitYield_1-9scale,Selection in breeding,,Recommended,,USDA-ARS-HCRL,Blueberry consortium,2022-06-05 00:00:00,EN,Blueberry,CO_371:0000325,Plant yield,Agronomic,Plant yield,,,,Plant,yield,Recommended,,CO_371:0000386,Rating of yield on a scale,Estimation,Visual rating of fruit yield,,,CO_371:0000547,1-9 scale fruit yield,ordinal,,,,,1.0=no yield,2.0=very low yield,3.0=low yield,4.0=moderately low yiedld,5.0=average yield,6.0=above average yield,7.0=moderately high yield,"8.0=high yield, optimal","9.0=overloaded, berries crowded, branches drooping or breaking",
,CO_371:0000164,YLDW,YLDW_AveFruitYieldPerPlant_kg,Selection in breeding,,Recommended,,USDA-ARS-TCHSL,Blueberry consortium,2022-06-05 00:00:00,EN,Blueberry,CO_371:0000325,Plant yield,Agronomic,Plant yield,,,,Plant,yield,Recommended,,CO_371:0000442,Measurement of yield per plant,Measurement,Average fruit yield (kg) per plant from 4 plants/genotype,,,CO_371:0000567,kg,numerical,,,,,,,,,,,,,,
,CO_371:0000162,YIELDACRE,YIELDACRE_Yield_kg,Selection in breeding,,Recommended,,GRIN-Vaccinium,Blueberry consortium,2022-06-05 00:00:00,EN,Blueberry,CO_371:0000325,Plant yield,Agronomic,Plant yield,,,,Plant,yield,Recommended,,CO_371:0000443,Measurement of yield per acre,Measurement,Yield per acre as measured,,"VACCINIUM.MADISON.88, Cranberry Cultivar Evaluation, 1988 Experiment Type: Field FIELD Study Year: 1988 Exp.",CO_371:0000567,kg,numerical,,,,,,,,,,,,,,
,CO_371:0000012,POLGR,POLGR_PollenGermination_1-3scale,Physiology studies,,Recommended,,GRIN-Vaccinium,Blueberry consortium,2022-06-05 00:00:00,EN,Blueberry,CO_371:0000190,Pollen germination rate,Fertility,Pollen germination rate,,,,Pollen,germination rate,Recommended,,CO_371:0000447,Measurement of pollen germination rate,Measurement,"Measurement of pollen germination rate, tube length and tube number",,"Gan, Zhang, Bostan, Devetter, 2020 Pollen performance",CO_371:0000529,1-3 scale pollen germination rate,ordinal,,,,,1.0=Lowest,2.0=Medium,3.0=Highest,,,,,,,
,CO_371:0000165,NEM,NEM_SusToNematodes_0/1,Selection in breeding,,Recommended,,USDA-ARS,Blueberry consortium,2022-06-05 00:00:00,EN,Blueberry,CO_371:0000326,Root nematodes,Biotic stress,Susceptibility to nematodes,,,,Root,nematodes,Recommended,,CO_371:0000351,Visual observation of nematodes,Estimation,Visual observation of disease presence of Nematodes,,,CO_371:0000525,0/1,nominal,,,,,,,,,,,,,,
,CO_371:0000166,PRR,PRR_SusToPhytophthoraRR_0/1,Selection in breeding,,Recommended,,USDA-ARS,Blueberry consortium,2022-06-05 00:00:00,EN,Blueberry,CO_371:0000327,Root phytophthora rot,Biotic stress,Susceptibility to phytophthora root rot,,,,Root,phytophthora rot,Recommended,,CO_371:0000349,Visual observation of phytophthora root rot,Estimation,Visual observation of disease presence of Phytophthora root rot,,,CO_371:0000525,0/1,nominal,,,,,,,,,,,,,,
,CO_371:0000167,WGR,WGR_SusToWhiteGrubs_0/1,Selection in breeding,,Recommended,,USDA-ARS,Blueberry consortium,2022-06-05 00:00:00,EN,Blueberry,CO_371:0000328,Root white grubs,Biotic stress,Susceptibility to white grubs,,,,Root,white grubs,Recommended,,CO_371:0000341,Visual observation of white grubs,Estimation,Visual observation of insect presence of White grubs,,,CO_371:0000525,0/1,nominal,,,,,,,,,,,,,,
,CO_371:0000168,SHEXP,SHEXP_ShootExpansion_date,Physiology studies,,Recommended,,USDA-ARS-GIFVL,Jeannie Rowland,2022-06-05 00:00:00,EN,Blueberry,CO_371:0000329,Shoot expansion,Phenological,Timing of shoot expansion,,,,Shoot,expansion,Recommended,,CO_371:0000480,Day of year (Julian day) when plant reached Shoot Expansion (SE) stage (>50%),Measurement,Day of year (Julian day) when plant reached Shoot Expansion (SE) stage (>50%).,,"Rowland, L.J., Ogden, E.L., and Vinyard, B.T. 2020. Phenotypic evaluation of a hybrid diploid blueberry population for plant development and fruit quality traits. Agronomy 10, 1067;doi:10.3390/agronomy10081067",CO_371:0000557,date,date,,,,,,,,,,,,,,
,CO_371:0000169,MBBL,MBBL_ShootsWithMummyBerryBlight_%,Selection in breeding,,Recommended,,Philip E. Marucci Center for Blueberry and Cranberry Research,Blueberry consortium,2022-06-05 00:00:00,EN,Blueberry,CO_371:0000330,Shoot mummy berry blight susceptibility,Biotic stress,Percent of shoots with mummy berry blight,,,,Shoot,mummy berry blight susceptibility,Recommended,,CO_371:0000418,Percent of shoots with blight,Measurement,Number of blighted and non-blighted shoots were counted and used to calculate percent with blight,,,CO_371:0000577,percent,numerical,,,,,,,,,,,,,,
,CO_371:0000170,ASTB,ASTB_SusToASB_0/1,Selection in breeding,,Recommended,,USDA-ARS,Blueberry consortium,2022-06-05 00:00:00,EN,Blueberry,CO_371:0000331,Stem algal blotch,Biotic stress,Susceptibility to algal stem blotch,,,,Stem,algal blotch,Recommended,,CO_371:0000367,Visual observation of algal stem blotch,Estimation,Visual observation of disease presence of Algal stem blotch,,,CO_371:0000525,0/1,nominal,,,,,,,,,,,,,,
,CO_371:0000171,STB,STB_SusToStemBorers_0/1,Selection in breeding,,Recommended,,USDA-ARS,Blueberry consortium,2022-06-05 00:00:00,EN,Blueberry,CO_371:0000332,Stem borers,Biotic stress,Susceptibility to stem borers,,,,Stem,borers,Recommended,,CO_371:0000345,Visual observation of stem borers,Estimation,Visual observation of insect presence of Stem borers,,,CO_371:0000525,0/1,nominal,,,,,,,,,,,,,,
,CO_371:0000172,STCA,STCA_SusToStemCanker_0/1,Selection in breeding,,Recommended,,USDA-ARS-HCRL,Blueberry consortium,2022-06-05 00:00:00,EN,Blueberry,CO_371:0000333,Stem canker,Biotic stress,Susceptibility to stem canker,,,,Stem,canker,Recommended,,CO_371:0000344,Visual observation of stem canker,Estimation,Visual observation of disease presence of Stem canker,,,CO_371:0000525,0/1,nominal,,,,,,,,,,,,,,
,CO_371:0000173,STGW,STGW_SusToStemGallWasp_0/1,Selection in breeding,,Recommended,,USDA-ARS,Blueberry consortium,2022-06-05 00:00:00,EN,Blueberry,CO_371:0000334,Stem gall wasp,Biotic stress,Susceptibility to stem gall wasp,,,,Stem,gall wasp,Recommended,,CO_371:0000343,Visual observation of stem gall wasp,Estimation,Visual observation of insect presence of Stem gall wasp,,,CO_371:0000525,0/1,nominal,,,,,,,,,,,,,,
,CO_371:0000174,STBL,STBL_FungalLesionSize_mm,Selection in breeding,,Recommended,,USDA-ARS-TCHSL,Blueberry consortium,2022-06-05 00:00:00,EN,Blueberry,CO_371:0000335,Stem lesion size,Biotic stress,Fungal lesion size,,,,Stem,lesion size,Recommended,,CO_371:0000376,Stem lesion size,Measurement,Measurement of stem lesions in a detached stem assay with fungal inoculations.,,"Smith, B.J. 2009. Botryosphaeria stem blight of southern blueberries: Cultivar susceptibility and effect of chemical treatments. Acta Hort.810:385–394",CO_371:0000573,mm,numerical,,,,,,,,,,,,,,
,CO_371:0000178,WHWOOD,WHWOOD_WinterHardiness_1-10scale,Selection in breeding,,Recommended,,Michigan State University,Blueberry consortium,2022-06-05 00:00:00,EN,Blueberry,CO_371:0000339,Stem winter damage,Abiotic stress,Measurement of damage from winter weather,,,,Stem,winter damage,Recommended,,CO_371:0000514,Amount of winter damage on stem,Estimation,"Visual survey of winter damage to wood (stems) on scale of 1-10. 1 = all dead, 10 = no damage.",,"Hancock, J.F., Erb, W.A., Goulart, B.L. and Scheerens, J.C. (1997). BLUEBERRY HYBRIDS WITH COMPLEX GENETIC BACKGROUNDS EVALUATED ON MINERAL SOILS: COLD HARDINESS AS INFLUENCED BY PARENTAL SPECIES AND LOCATION. Acta Hortic. 446, 389-396 DOI: 10.17660",CO_371:0000580,1-10 scale winter hardiness,ordinal,,,,,1.0=killed to the ground,2.0=90% killed to the ground,3.0=80% killed to the ground,4.0=70% killed to the ground,5.0=60% killed to the ground,6.0=50% killed to the ground,7.0=40% killed to the ground,8.0=30% killed to the ground,9.0=20% killed to the ground,10.0=no damage
,CO_371:0000175,MONO,MONO_MonoGrowthHabit_0/1,Physiology studies,,Recommended,,USDA-ARS-HCRL,Blueberry consortium,2022-06-05 00:00:00,EN,Blueberry,CO_371:0000336,Stem monopodial,Morphological,Monopodial growth habit,,,,Stem,monopodial,Recommended,,CO_371:0000435,Observation if plant has monopodial growth habit,Estimation,Observation if plant has monopodial growth habit,,,CO_371:0000525,0/1,nominal,,,,,,,,,,,,,,
,CO_371:0000176,PHTB,PHTB_SusToPTB_0/1,Selection in breeding,,Recommended,,USDA-ARS,Blueberry consortium,2022-06-05 00:00:00,EN,Blueberry,CO_371:0000337,Stem phomopsis blight,Biotic stress,Susceptibility to phomopsis twig blight,,,,Stem,phomopsis blight,Recommended,,CO_371:0000350,Visual observation of phomopsis twig blight,Estimation,Visual observation of disease presence of Phomopsis twig blight,,,CO_371:0000525,0/1,nominal,,,,,,,,,,,,,,
,CO_371:0000177,SCALE,SCALE_SusToscaleInsects_0/1,Selection in breeding,,Recommended,,USDA-ARS,Blueberry consortium,2022-06-05 00:00:00,EN,Blueberry,CO_371:0000338,Stem scale insects,Biotic stress,Susceptibility to scale insects,,,,Stem,scale insects,Recommended,,CO_371:0000347,Visual observation of scale insects,Estimation,Visual observation of insect presence of Scale insects,,,CO_371:0000525,0/1,nominal,,,,,,,,,,,,,,